,video_id,title,publishedAt,channelId,channelTitle,categoryId,trending_date,tags,view_count,likes,dislikes,comment_count,thumbnail_link,comments_disabled,ratings_disabled,description
162,S6aXAwYT6nY,MY LAST PREGNANCY UPDATE ON THE TWINS | OUR ULTRASOUND RESULTS,2021-01-04T20:53:06Z,UC_0mlge_fLewbr5P8YEL2tA,THE WEISS LIFE,26,21.11.01,pregnancy update on the twins!|unexpected news|pregnancy update|twins|pregnant with twins|first ultrasound|twins ultrasound surprise|pregnant|emotional|miscarriage|i lost the baby|ultrasound|pregnancy|babies|vlog|the weiss life|twin pregnancy|pregnancy reveal|are we having twins|weiss life|first ultrasound twins|first ultrasound pregnancy|twin ultrasound|twin|twin pregnancy update|gender reveal|baby|new baby|surprise|Surprise twins,199889,9208,309,0,https://i.ytimg.com/vi/S6aXAwYT6nY/default.jpg,True,False,"Don't forget to subscribe! http://www.youtube.com/theweisslifeIn today's vlog - MY LAST PREGNANCY UPDATE ON THE TWINS | OUR ULTRASOUND RESULTSMelissa's last pregnancy update on the twins. We went to the doctor for an emergency ultrasound a few weeks ago and we got some bad news about the babies. We lost one of the twins and found out that the other baby is at risk for having some complications due to a cyst on it's placenta. If you missed our last pregnancy updates you can catch up here: PREGNANCY UPDATE ON THE TWINS | Our Ultrasound + Unexpected Gender Reveal News: https://www.youtube.com/watch?v=C7tYsqModLc&t=148sOur First Ultrasound | IT'S TWINS! https://youtu.be/5EZnz89BLtkâ†“My Other Channelâ†“Melissa Weiss: https://www.youtube.com/channel/UCaGkVbFGD9JfRfppLbKR9mAOUR WEBSITE! https://www.weisslife.com*Follow us on Social*Instagram Accounts:Melissa: http://www.instagram.com/theweissfamGabrielle: http://www.instagram.com/missgabriellenicholeJeff: http://www.instagram.com/jeffweisslifeFacebook: http://www.facebook.com/theweisslifeTwitter: http://twitter.com/TheWeissLifeSend Us Mail!The Weiss Life69 Lincoln Blvd. Suite-A # 267Lincoln, CA 95648Production Music courtesy of  www.epidemicsound.com"
171,4_Vp3FhrzTk,EATING MASSIVE SEA URCHIN,2020-12-17T03:44:22Z,UCMyOj6fhvKFMjxUCp3b_3gA,Nick DiGiovanni,22,21.11.01,[none],3422355,80402,5955,3326,https://i.ytimg.com/vi/4_Vp3FhrzTk/default.jpg,False,False,"Uni is certainly not for everybody. It's a blast of unique briny, slightly salty creaminess, something most people who haven't tried it would love but are too turned off by the look or texture to try. Watch me open these massive Santa Barbara sea urchin. #shorts #uni #seaurchin #california #masterchef"
172,2Al7H9AiN1A,Positive 2021 Goals! 12 Unique Ab Exercises & Simple Protein Balls you NEED to try! [VLOG],2020-12-31T04:41:05Z,UCAHufvd02viJSRdt3ojdPOg,Sarahs Day,22,21.11.01,new years resolution|goals|setting goals|new years|2021|fat loss|weight loss|best ab exercises|ab workout|lower ab|shredded|easy protein balls|vegan protein balls|simple healthy snacks|easy healthy snack|healthy treat|sweet healthy|how to get healthy|top tips|body comeback|post partum|after birth|pregnancy|body image|confidence|happy|positive|anxiety,455438,26518,190,1028,https://i.ytimg.com/vi/2Al7H9AiN1A/default.jpg,False,False,SWEAT IT TO SHRED IT EBOOK FITNESS GUIDES!!https://www.sarahsday.com/â™¡INSTAGRAM:@sarahs_day https://www.instagram.com/sarahs_day/â™¡My PodcastThe Health Code Podcast: https://itunes.apple.com/au/podcast/the-health-code/id1367139815?mt=2â€¦â€¦â€¦â€¦â€¦â€¦â€¦â€¦â€¦â€¦â€¦â€¦â€¦â€¦â€¦â€¦â€¦â€¦â€¦â€¦â€¦MY PRODUCTS:FIT PROTEIN (cookie dough flavour)Plant Based Protein Powderhttps://tropeaka.com.au/products/fit-protein-cookie-doughBODY BLOOMInner Health + Beauty Powder:https://tropeaka.com/products/body-bloomMY BEAUTY PRODUCTS COLLECTIONhttps://www.labangbody.com.au/collections/sarahs-dayMY ACTIVEWEAR COLLECTIONâ™¡Sarahâ€™s Day x White Fox Activewear:https://www.whitefoxboutique.com/sarahs-day-x-wfaâ€¦â€¦â€¦â€¦â€¦â€¦â€¦â€¦â€¦â€¦â€¦â€¦â€¦â€¦â€¦â€¦â€¦â€¦â€¦.DISCOUNTS:â™¡Tropeaka 15% off 1st Purchase Code: SEZZY15https://tropeaka.comWorldwide Shipping!â™¡iHerb code KJJ523:  http://iherb.com/?rcode=KJJ523â€¦â€¦â€¦..DONâ€™T FORGETâ€¦â™¡ SUBSCRIBE: New videos every 3 days!â™¡LIKE this video to let me know you enjoyed it!
178,FnYI8chEJ_w,DIY Resin Keycaps (we almost failed),2021-01-01T16:41:08Z,UCUuMYw2l2UeWyTGYixYfRCA,EvanAndKatelyn,26,21.11.01,keycaps|key caps|keycap|key cap|DIY keycap|DIY keycaps|DIY key caps|resin keycaps|resin keycap|resin key caps|custom keycaps|custom keycap|custom key caps|DIY custom keycaps|DIY resin keycaps|DIY resin|resin mold|resin|epoxy art|epoxy|epoxy resin art|epoxy resin|resin tutorial|easy resin crafts|DIY art|DIY resin art|diy projects|evanandkatelyn|Evan and Katelyn|how to|DIY|husband and wife|husband wife|E&K|evan katelyn|resin art|art resin,1017675,52316,681,5299,https://i.ytimg.com/vi/FnYI8chEJ_w/default.jpg,False,False,"Strap in for a JOURNEY where we try making resin keycaps! Tools & materials below ğŸ‘‡ Get MagellanTV here: https://try.magellantv.com/evanandkatelyn and get an exclusive offer for our viewers: an extended, month-long trial, FREE. MagellanTV has the largest and best collection of Science content anywhere, including Space, Physics, Technology, Nature, Mind and Body, and a growing collection of 4K. This new streaming service has 3,000+ great documentaries. Check out our personal recommendation and MagellanTVâ€™s exclusive playlists: https://www.magellantv.com/genres/science-and-tech ğŸ™ Other sponsors:TotalBoat: check out the epoxy we use: http://totalboat.refr.cc/evankatelyn (search for high performance)  Check out the Patreon Aftershow for:â€¢ Did the brown come out of Evan's clothes?â€¢ Why we were really in such a rushâ€¢ Behind the scenes of all the failed uv resin testsâ€¢ Out of order filming shenanigans â€¢ Scenes that did not make the final cutâ€¢ What we would change if we did this againâ€¢ Plans we have for future keycapsIf you're a Patron already, watch it here: https://www.patreon.com/posts/45681331Not a Patron yet? Join here: https://www.patreon.com/evanandkatelynWant more E&K videos? We have more channels:ğŸ® Gaming: https://youtube.com/evanandkatelyngamingğŸ™ï¸ Podcast: https://www.youtube.com/evanandkatelynpodcastğŸ® Gaming Uncut: http://bit.ly/ekuncutğŸ‘« E&K TBD: https://www.youtube.com/evanandkatelyn2ğŸ“º Twitch live streams https://www.twitch.tv/evanandkatelynSOCIAL/SUPPORT LINKSğŸ’µ Patrons can watch our Aftershow here https://www.patreon.com/evanandkatelynğŸ‘• Merch https://shopevanandkatelyn.com/ğŸ“¸ Instagram & ğŸ“£ Twitter: @evanandkatelynğŸ’¬ Discord https://discord.gg/Yb5YbQBğŸ‘½ Reddit https://www.reddit.com/r/EvanandKatelynTOOLS & MATERIALS (affiliate)TotalBoat resin (our sponsor) http://totalboat.refr.cc/evankatelyn (search for â€œhigh performanceâ€) OOMOO 25 https://amzn.to/2Jq79ue (faster but more stressful)OOMOO 30 https://amzn.to/3rAy33S (ours was expired, but it has a longer pot life)Powdered pigments https://amzn.to/3mZWPqp Oven bake clay https://amzn.to/38F6Rbz Silicone keycap molds https://amzn.to/3hqaJRD 60% RGB mechanical keyboard https://amzn.to/38MPVzV (we use these at our gaming desk)Bigger keyboard (our main ones) https://amzn.to/3aTGe5t Our favorite resin keycaps https://www.jellykey.com/ ğŸ›’ Our favorite tools/materials on our Amazon page: https://www.amazon.com/shop/evanandkatelynğŸ› ï¸ All our favorite tools: https://evanandkatelyn.com/tools/ ğŸ¥ FILMING GEAR (affiliate)http://bit.ly/eandkfilminggear ğŸ¼ MUSICAmbler, Bassa Island Game Loop, Brandenburg Concerto No 4, Bushwick Tarantella, Carnival Intrigue, Delightful D, Deuces, Hack Beat, Hidden Agenda, Investigations, Marty  Gots a Plan, Plucky Daisy, Sneaky Snitch, by Kevin MacLeod (https://incompetech.com) Music from https://filmmusic.io: Licence: CC BY (http://creativecommons.org/licenses/by/4.0/)Additional music licensed via Audioblocks or from the YouTube Audio Library"
183,p19cjKg8dIc,goodbye california. a new chapter.,2020-12-30T16:58:08Z,UCcgVECVN4OKV6DH1jLkqmcA,Jake Paul,22,21.11.01,jake paul,5224087,122752,65041,26366,https://i.ytimg.com/vi/p19cjKg8dIc/default.jpg,False,False,"new chapter...text me im bored - 310-870-3349ğŸ”´SUBSCRIBE â¤ http://bit.ly/SUB2JAKEPAUL INSTAGRAM â¤  https://www.instagram.com/JakePaul TWITTER â¤  http://twitter.com/JakePaul âš  WARNING âš Please be warned (and we cannot possibly stress this enough); under no circumstances should any challenges, stunts, or pranks be attempted by any of our viewers. All challenges, stunts, and pranks are performed by trained professionals in a controlled environment and are for entertainment purposes only. Again, do not try anything you see in this content at home and always consult a parent or adult with any questions or concerns."
190,48NAQCSnHdQ,When your Dad is cooler than you,2020-12-29T23:06:15Z,UCJf7YEdkEV33UXnm0gLzwvA,Jimi Jackson,22,21.11.01,[none],308037,17135,115,975,https://i.ytimg.com/vi/48NAQCSnHdQ/default.jpg,False,False,Shout out to Apex Legends for sponsoring this video! Download it and play for free here! - https://www.ea.com/games/apex-legends/play-now-for-free
469,m4rAQlCfJsw,Smashed potatoes are the best,2021-01-09T19:50:03Z,UC19OYOBqkgVqgTIQxbsPdlw,ThatDudeCanCook,22,21.14.01,[none],536079,17196,963,495,https://i.ytimg.com/vi/m4rAQlCfJsw/default.jpg,False,False,#shorts #potatoSmashed potatoes are a fantastic way to prepare potatoes. Make them once and you'll be making them forever!!Rosemary salt video-https://youtu.be/YUaBy42Ibx8SUBSCRIBE: http://bit.ly/2TPzddNBUSINESS INQUIRY: CookingwithChefSonny@gmail.comFOLLOW ME:Instagram|https://www.instagram.com/cookingwithsonny/Twitter|https://twitter.com/CookingwithSon1Tiktok|https://vm.tiktok.com/xWJmN7/
537,qzFXj3YW01A,My Among Us Birthday ğŸ™„,2021-01-01T18:39:24Z,UCECfNdmd7m2FnmfvWeFoGpg,BriannaShorts,22,21.14.01,brianna|briannashorts|brianna shorts|briannaplayz|briannaplayz shorts|briannaplayzshorts|preston|prestonplayz|prestonshorts|preston shorts|hyper|dylan hyper|cari hyper|keeley|keeleyplayz|among us|amongus|my stupid birthday|my among us birthday|World's Fastest Firefighter Challenge ft Preston|among us birthday,2180071,60841,2462,1929,https://i.ytimg.com/vi/qzFXj3YW01A/default.jpg,False,False,My Among Us Birthday ... Brianna and her Imposter Trio kick butt and take names! They should've called back ğŸ™„â¬‘ Don't take too long to Subscribe! ğŸ˜œFollow my socials:â­  TikTok @briannaâ­  Instagram @briarsementâ­  Twitter - @briarsementNEW MERCH!â¥ https://RoyallyB.comiâ¤ï¸u :)Friends:â™¡@Preston â™¡ @KeeleyPlayz â™¡  @Hyper â™¡ @Cari - Roblox #brianna #amongus #shorts
539,rJ-FEfXzKIY,STEPHEN TRIES vs CALFREEZY | Park The Bus Episode 4,2021-01-07T16:00:01Z,UCIgl4k5noP5bHyqFqSccy_Q,UMM,22,21.14.01,umm|umm football|umm channel|harry pinero|harry pinero does the shoe fit|chunkz|filly|football|football challenges|foot asylum|pro direct soccer|wroetoshaw football|football challenge|sidemen football|sidemen football challenge|umm park the bus|park the bus|Chunkz|KSI|umm assumptions|callux umm|callux|stephen tries|stephen tries podcast|stephen tries f2|calfreezy|calfreezy cook off|calfreezy podcast|stephen tries vs calfreezy,268167,12015,110,275,https://i.ytimg.com/vi/rJ-FEfXzKIY/default.jpg,False,False,"Subscribe to UMM â–º https://bit.ly/UMMofficial11 YouTubers. 1 bus to park. Whoever concedes the fewest goals, wins. ğŸšŒâ›”ï¸âš½ï¸Episode 4 sees two GIANT of YouTube face off. It's Stephen Tries vs Calfreezy!A massive thank you to ExCel London for hosting us for Park The Bus Series 1. UMM. Characters. Entertainment. Sport. In that order.UMM on Instagram: https://www.instagram.com/ummofficialUMM on Twitter: https://twitter.com/ummofficialukUMM on Facebook: https://www.facebook.com/UMMofficial"
540,aTLPHmrr-cM,Something we want to tell you!,2021-01-04T18:43:10Z,UCHUE4ypXKp7ZkmdWbGJNgJg,AmazingPhil,22,21.14.01,dan and phil|dan and phil 2021|life update|life|update|phil lester|daniel howell|stereo|amazingphil|amazing|phil|future|the future|plans|house|dan and phil house|dan and phil moving|dan and phil new house|british|fun|hangout|christmas presents|viewers|hair|book|you will get through this night|projects|dan book|percy pigs|percy pog,2217508,208637,1359,16287,https://i.ytimg.com/vi/aTLPHmrr-cM/default.jpg,False,False,"Where has Dan been?! What are our future plans? The TRUTH IS REVEALED! Download Stereo and follow me and listen to the after party at 9PM! http://stereo.com/AmazingPhil (Stereo is an age 18 and over app) thanks to Stereo for this paid promotion!A big Dan and Phil catchup! Like a mukbang but with no gross eating sounds. Pre-Order Dan's book! https://www.danandphilshop.com/collections/newest/products/pre-order-you-will-get-through-this-night-with-free-art-card comes with a FREE art card and bookmark!Follow Dan:http://twitter.com/danielhowellhttp://instagram.com/danielhowellhttp://youtube.com/danisnotonfireFollow me:http://twitter.com/amazingphilhttp://instagram.com/amazingphilhttp://facebook.com/amazingphilhttp://amazingphil.tumblr.comCOMBINED FESTIVE SHOP - http://www.danandphilshop.comMusic: Kevin Macleod- Incompetech.comEmotional yoga picture by https://possumnest.tumblr.com/post/638951499766104064/you-need-to-turn-the-track-to-the-next-one-nowThanks again to Echo for providing the screen recording!! Community Captions: https://amara.org/en/videos/LVf4wuEBdTY9/info/something-we-want-to-tell-you/?team= THANKS to Pelin, Anna V, Mirian R, Ashely R, Annabel P, Anya V, Annika S, lunaa!! Much appreciated.Thanks to everyone for all the love you have given Phil and Phriends! Watch the full playlist here: https://www.youtube.com/watch?v=YpRozmtU00M&list=PLNq4xYUMjoQCQNc2THE7-r84J4WHtlBtf"
554,hKUOkiKHD8U,Elon Musk Most Shocking 2021 Predictions - And Tesla Share Price Prediction,2020-12-29T21:25:52Z,UC_0fFiRC70exikffwgm2Uog,Roger James Hamilton,26,21.14.01,roger j hamilton|roger hamilton|entrepreneur tv|rogerhamiltontv|elon musk|Elon Musk prediction|2021 prediction|2021 predictions|Tesla share price|Tesla share price prediction|SpaceX|SpaceX 2021|Tesla 2021|Tesla|Tesla Prediction|Tesla Forecast|SpaceX Prediction|Starlink|Starlink Prediction|Starlink 2021|Moon Race 2021|Ron Baron Tesla|Elon Musk news|2021 Forecast|2021 Future Forecast|Space Travel|FSD|elon musk motivation|tesla,1296403,24924,951,4488,https://i.ytimg.com/vi/hKUOkiKHD8U/default.jpg,False,False,"If you thought 2020 was disruptive, wait until you see what Elon Musk is predicting for 2021. Here are his Top Five 2021 Predictions for 2021 and how he sees the world changing in the year ahead.Watch the video for the latest on his plans with Tesla, Starlink and SpaceX, as well as the predicted Tesla share price according to Billionaire investor Ron Baron. And get ready for the game changing business models of FSD, the Tesla Network and Tesla Virtual Power Plants.Enjoy the video, and I wish you all the best for 2021.---Is War Coming - Prediction Systems: https://youtu.be/FEFkGpZEy0UDollar Crash Prediction: https://youtu.be/KYb9EyBd80oHyperinflation or Stock Market Crash: https://youtu.be/7Wmz9Lk9Je0How To Make Money: The Fed, Wirecard and Robinhood: https://youtu.be/FCcrYrxwQ1sThe 3 Crisis Waves Coming: https://youtu.be/ysr_nq2Cv5gFind your Unique Genius: https://www.youtube.com/watch?v=FH50m...---Roger James Hamilton is a futurist, social entrepreneur and New York Times Bestselling Author of the Millionaire Master Plan. He is the founder of Entrepreneurs Institute and the creator of the Wealth Dynamics, Talent Dynamics & Genius Test Profiling Systems, used by over 250,000 entrepreneurs to follow their flow.---http://www.rogerjameshamilton.com"
555,aE_zvyuAcuo,If Everything Was Like Among Us *Bloopers 2*,2021-01-01T22:15:10Z,UCn3AViOfcFN4zIICMC5hvPg,Shiloh & Bros,22,21.14.01,among us|among us in real life|among us imposter|in real life|irl|among us reality|if everything was like among us|imposter iq|900 iq|imposter among us|part 2|part 3|imposter|among us but in real life|real life|among us irl|among us parody|among us skit|funny among us|funny|funny among us moments|imposter in real life|siblings|comedy|shiloh|shiloh and bros|real|imposter among us funny|blooper|among us behind the scenes|outtake|gag reel,4817802,77199,2374,8218,https://i.ytimg.com/vi/aE_zvyuAcuo/default.jpg,False,False,"Among us in real life bloopers! These are bloopers and outtakes from our Imposter videos part 3, part 4, and part 5. I hope they make you laugh! https://shilohandbros.com/ â¬… Get the Imposter shirts and hoodies here! If you like Piper Rockelle, The Norris Nuts, Dixie D'Amelio, or the Txunamy, you'll love our channel. We do funny pranks, challenges, and skits!Shiloh's Instagram: https://www.instagram.com/shilohanelson/   Elijah's Instagram: https://www.instagram.com/iamelijahnelson/Judah's Instagram: https://www.instagram.com/judahnelson/Micah's Instagram: https://www.instagram.com/heythisismicah/Britney's Instagram: https://www.instagram.com/britneyleighnelson/Daniel's Instagram: https://www.instagram.com/danielnelsonofficial/Subscribe here! http://bit.ly/ShilohToJudahChannelHit the bell to be notified when we post new videos! Puppy Love (Sting) by Twin Musicom is licensed under a Creative Commons Attribution 4.0 license. https://creativecommons.org/licenses/by/4.0/Artist: http://www.twinmusicom.org/#amongus #amongusinreallife #bloopers"
570,SAjP9HCqk4I,Deadpool 2 Monologue,2021-01-04T22:15:37Z,UCA3-nIYWu4PTWkb6NwhEpzg,Ryan Reynolds,22,21.14.01,[none],1541834,95553,773,3105,https://i.ytimg.com/vi/SAjP9HCqk4I/default.jpg,False,False,"Introducing Walker Scobell. This innocent young boy plays 12 year old me in our upcoming Netflix film #TheAdamProject. Because he takes his job seriously, the role required significant research. No matter what, heâ€™s WAY too young to know this monologue by heart. So precious."
581,JMgHZ5XHA_4,"He Bet $20,000 On A Coinflip, And Won",2021-01-07T21:11:13Z,UC4-79UOlP48-QNGgCko5p2g,MrBeast Shorts,22,21.14.01,[none],2743697,137413,1491,6897,https://i.ytimg.com/vi/JMgHZ5XHA_4/default.jpg,False,False,"Subscribe if you want to do this #shorts this is a short clip from my video called Would You Rather Have $100,000 OR This Mystery Key?"
586,bIiLofAhTz8,ALLERGIC REACTION after SAYING YES to the dress,2021-01-05T01:13:39Z,UCLGe0PxyRFWmXVGJKq_gGvw,fancy vlogs by gab,22,21.14.01,Allergic reaction after saying yes to the dress|Say yes to the dress|Saying yes to the dress|Hi stalker taking the time to search my tags ğŸ¥°|Mother laughs at bridesmaid|Allergic reaction|Bridal vlogs|Fancy vlogs by gab|Gabi demartino|Gabi demartino engaged,729578,30034,1668,2523,https://i.ytimg.com/vi/bIiLofAhTz8/default.jpg,False,False,"What is grace? https://youtu.be/m2bz8mnWsbsBeautiful mess FRAGRANCE ORDER NOW HERE:https://gabifragrances.com shop my clothes + antiques! https://gabtoinetteantiques.bigcartel.comDOWNLOAD + STREAM pretty little mind http://smarturl.com/prettylittlemindDOWNLOAD + STREAM Champagne Dreamshttp://smarturl.it/champagnedreamsSUBSCRIBE TO MY NEW VEVO ARTIST PAGE!https://www.youtube.com/channel/UC9apgDi_fm5AUeZf6PAvYlAMY SITE! MERCH / ALBUM / TOUR UPDATES HERE / video + ANTIQUE SHOP HERE!https://gabidemartino.coPLS DONATE https://www.gofundme.com/f/policeaccountability?sharetype=teams&member=4519946&utm_medium=copy_link&utm_source=customer&utm_campaign=p_na+share-sheet&rcid=3a10c4ec01464269a3b43a081378f35bhi iâ€™m gabi DeMartinostay fancy always a video is posted every 3 days!Beautiful Mess album coming to you 2021! (15 tracks)Gabroadway - EP by Gabi DeMartinohttps://music.apple.com/us/album/gabroadway-ep/1518006502Thumbnails by: @abbyclocker @abbytheanimator ğŸ‡twitter.com/gabcake tweet me that you saw this and Iâ€™ll follow u back heheTIKTOK: fancytiktokbygabInstagram.com/gabiyouâ€™ve never seen an aesthetic til youâ€™ve seen my instaaaafollow the instagram page for our home! instagram.com/thecastawaycottageFollow my show on instagram! instagram.com/bloodqueensofficialFor $5 in ride credit, download the Lyft app using my referral link: https://www.lyft.com/i/GABRIELLA20736?utm_medium=p2pi_iacc. It's the most affordable ride in town. ORDER our EP! http://smarturl.it/NikiGabiINDIVIDUALDownload my single, flowers! http://smarturl.it/NikiGabiINDIVIDUALmake sure to follow the instagram page @blooduqeensofficial-Snapchat-fancysnapsbygabi mean, if youâ€™re girly and would love to see girly snaps and over-usage of snapchat filters then go ahead and add me!!i have my own series going on this channel in october and you can get inside looks already at @bloodqueensofficial on instagram!!!steal my style: http://stealherstyle.net/gabriella-demartino/  -Tumblr- http://www.breakfastatchanel-starringgabi.tumblr.com-Pinterest-www.pinterest.com/pinkprincessGAB"
593,ZSIp00SewO8,Day 1 - Invite  |  BREATH - A 30 Day Yoga Journey,2021-01-02T06:00:03Z,UCFKE7WVJfvaHW5q283SxchA,Yoga With Adriene,26,21.14.01,breath|30 day yoga journey|30 days of yoga|yoga challenge|30 Day yoga challenge|30 day challenge|home yoga|home yoga practice|yoga at home|at home yoga|Adriene Mishler|austin yoga instructor|free yoga|free yoga videos|full yoga class|morning yoga|online yoga|yoga practice|Yoga with Adrienne|yoga at home day 1,2439149,66479,916,9222,https://i.ytimg.com/vi/ZSIp00SewO8/default.jpg,False,False,"The YWA POP UP Shop is Live! Find custom made designs for BREATH - A 30 Day Yoga Journey designed by independent artists on organic cotton, using renewable energy. http://yogawithadriene.com/shop- - - -Your first yoga practice is here, and it is a full one, packed with valuable invitations! We begin by taking things nice and slow. You will soon feel more fire, you may move fast, but this series asks you to be disciplined about bringing awareness to the deeper layers of your practice - with breath. What makes this 30 Day series unique is that these practices are designed to work together 1-30, not just as one-offs, though that is time well spent too. This series is a process with intention. Todayâ€™s practice is all about listening, respectfully setting the tone, building foundation with slow and with purposeful movement. Thank you for joining me on this journey and for sharing this connection with so many people around the world. **REMINDER** If you are not signed up for the daily email that corresponds with each practice video, sign up for free and receive your free BREATH calendar here: https://www.yogawithadriene.com/breathLet me know how it goes for you in the comment section down below! - - - - - - - - - - â¤ï¸SUBSCRIBE to the YWA channel for free yoga videos every week and to support high-quality free yoga for all! â¤ï¸https://www.youtube.com/user/yogawithadriene?sub_confirmation=1- - - - - - - - - - ğŸ§˜ğŸ½â€â™‚ï¸ğŸ§˜â€â™€ï¸Become a FWFG YOGA member! ğŸ§˜ğŸ»â€â™‚ï¸ğŸ§˜ğŸ¿â€â™€ï¸https://fwfg.comJoin Find What Feels Good and access over 700 videos including yoga and meditation for all levels. Explore daily practices, workshops, in depth learning, weekly or monthly accountability series, and an opportunity to connect with a one of a kind global community. This is your one stop shop for yoga, creativity, wellness, and all things FWFG. Try it FREE for 7 Days! - - - - - - - - - - ğŸ—“Get your FREE Yoga Calendar: ğŸ—“http://yogawithadriene.com/calendar/- - - - - - - - - - More at www.yogawithadriene.comâ–¶ï¸ Instagram: @adrienelouiseâ–¶ï¸ Twitter: @yogawithadrieneâ–¶ï¸ Facebook: Yoga With Adrieneâ–¶ï¸ Shop: https://shop.fwfg.com- - - - - - - - - - Yoga With Adriene, LLC recommends that you consult your physician regarding the applicability of any recommendations and follow all safety instructions before beginning any exercise program. When participating in any exercise or exercise program, there is the possibility of physical injury. If you engage in this exercise or exercise program, you agree that you do so at your own risk, are voluntarily participating in these activities, assume all risk of injury to yourself."
651,JWSZsYag6O4,Will it Wellington? CINNAMON ROLLS #shorts,2021-01-11T02:16:40Z,UC_pT_Iz6XjuM-eMTlXghdfw,Max the Meat Guy,22,21.15.01,max the meat guy tiktok|maxthemeatguy tiktok|maxthemeatguy|max the meat guy|cinnamon toast crunch|cool recipes|fun recipes to make with your kids|cinnamon buns|recipes with cinnamon buns|cinnamon rolls|recipes with cinnamon rolls|candied bacon|using candied bacon in a recipe|the best childhood snacks|childhood food|how to make cinnamon buns|how to make cinnamon rolls,502619,13126,993,731,https://i.ytimg.com/vi/JWSZsYag6O4/default.jpg,False,False,"Will it Wellington? CINNAMON ROLLS #shortsClassic @Pillsbury cinnamon rolls laced with @Cinnamon Toast Crunch and candied bacon. One thing is for sure, it absolutely did Wellington!ğŸ”” Subscribe and ring the bell to get notified when we post a video!ğŸ”¥Social MediağŸ”¥ğŸ¬  Main Channel: https://youtube.com/c/maxthemeatguyğŸ“¸  Instagram: www.Instagram.com/MaxtheMeatGuyğŸ¥  TikTok: https://www.tiktok.com/@maxthemeatguyğŸ“¬  Facebook: https://www.facebook.com/MaxTheMeatGuyğŸŠ  Pinterest: https://www.pinterest.com/maxthemeatguy/..ğŸŒ³ LinkTree w/ Discounts: https://linktr.ee/maxthemeatguy ğŸ–¥ Recipes on my Website: www.maxthemeatguy.comğŸ¶ HipHop Beats: Bop..#shorts #cinnamontoastcrunch #cinnamonbun #candiedbacon #cinnamonroll #maxthemeatguy"
677,iPlDDKFf6R8,When Dad is watching TV but you want to,2021-01-13T05:00:07Z,UCJf7YEdkEV33UXnm0gLzwvA,Jimi Jackson,22,21.15.01,[none],191922,15727,94,2037,https://i.ytimg.com/vi/iPlDDKFf6R8/default.jpg,False,False,THANK YOU FOR 1 MILLION!!!!!!!! Love you homies and always appreciate your support! THANK YOU!!!Like and subscribe if you enjoy the content and click on the bell so you get notified every time I upload!Instagram - JimisWorldTikTok - JimiJacksonOutro song - Side Steppin - Otis McDonald
734,AYCgAZc5mck,"2021 Toyota Hilux mods part 3, ULTIMATE UTE TUB MODS",2021-01-09T20:00:01Z,UChz00vupzP_mNPIYD8GSmBw,Ronny Dahl,19,21.15.01,Off-road|tracks|4wheeling|adventure|4x4-off-road|toyota hilux mods|hilux mods|2020 hilux mods|2020 toyota hilux|hilux off-road|first mods to hilux|tires and wheels|4x4 hilux|4x4 mods|best mods|best mods for hilux|first 4x4 mods|off-road mods|new hilux|project luxy|ronny dahl|4 wheeling australia|ronny dahl modified|modified hilux|modified toyota hilux|important 4x4 mods|off-road wheels,97850,2599,55,426,https://i.ytimg.com/vi/AYCgAZc5mck/default.jpg,False,False,"2021 Toyota Hilux mods part 3, ULTIMATE UTE TUB MODS0:00 Intro1:28 All in a days work 2:11 LINE-X BLACKOUT5:08 How LINE-X is Done5:56 LINE-X Pros and Cons7:00 MY FAV MODS in part 3 HURACAN TAILGATE9:22 HURACAN BOX Pros and Cons10:45 Swing away Case12:35 FINALLY THE ROCK SLIDERS14:28 Weights ADDED TO GVM16:03 COST ADDED TO THE HILUX16:35 ROOF RACK AND MOREMods added to the Hilux in Part 3For more info on LINE-X Ute Liners: https://bit.ly/35kE63c For more info on the Swing Case: https://bit.ly/39bJnuT For more info on Tailgate gas struts: https://bit.ly/3s4Lf15 For more info on the Rocksliders: https://bit.ly/3bmFeqC For more info on the Huracan Fabrication Tailgate Storage Unit: https://bit.ly/2ME78E9 Thanks for watching and Please Subscribe: https://www.youtube.com/user/RonBacardi666Support the creation of videos at Patreon.com/RonnyDahlFind us at the links below:Website: https://www.4-wheeling-in-western-australia.com/Facebook: https://www.facebook.com/pages/4-Wheeling-in-western-australia/356375844412362?ref=hlFor more details, Off Road information & Videos visit www.4-wheeling-in-western-australia.com/"
737,B6bJ_vTslyo,The last episode of the â€œLife Seriesâ€: The life of white radish!ä¸€ç”Ÿç³»åˆ—äº§å“æœ€åä¸€ä¸ªè§†é¢‘â€”â€”èåœçš„ä¸€ç”Ÿä¸¨Liziqi Channel,2021-01-09T11:45:17Z,UCoC47do520os_4DBMEFGg4A,æå­æŸ’ Liziqi,26,21.15.01,liziqi|liziqi vlogger|ä¸­åœ‹ç¾é£Ÿ|ä¸­è¯å‚³çµ±æ–‡åŒ–|Chinese food|é¥®é£Ÿæ–‡åŒ–|ä¸­å›½é£|ç”°å›­|ç¾é£Ÿ|ly tu that|æå­æŸ’|lÃ½ tá»­ tháº¥t|æå­æŸ’ æœ€æ–°|æå­æŸ’ 2020|æå­æŸ’ ä¸€ç”Ÿç³»åˆ—|æå­æŸ’ æ›´æ–°|èåœçš„ä¸€ç”Ÿ,5086478,244009,43922,215338,https://i.ytimg.com/vi/B6bJ_vTslyo/default.jpg,False,False,"Please  subscribe to ã€æå­æŸ’ Liziqi ã€‘Liziqi Channel on YouTube if you like my videos: https://goo.gl/nkjpSx #æå­æŸ’#lÃ½tá»­tháº¥#Liziqi#ChineseCuisine #ChineseFoodMake pickles on Minor Snow, and cured meat on Major Snow. The freezing wintry days summon the lunar new year. Isnâ€™t it the best time to pickle the food you have around!Pickled mustard tuber, dried white radish, preserved chicken, meat, and sausagesâ€¦Hang them up!Do you know how white radish flowers wither and leave their seeds deep in the ground;And how the little ones sprout and grow up into full, long tuberous roots?This is the last episode of the â€œLife Seriesâ€, And farewell to â€œThe life of â€¦â€å°é›ªè…Œèœï¼Œå¤§é›ªè…Œè‚‰ã€‚å¯’å†¬è…Šæœˆçš„ï¼Œå¹´å…³å°†è¿‘ã€‚å¯ä¸å°±æ˜¯å„ç§è…Œå˜›ï¼æ¦¨èœå¤´ èåœå¹²ã€è…Šé¸¡  è…Šè‚‰  é¦™è‚ é€šé€šæŒ‚èµ·æ¥ï¼èåœæ€ä¹ˆè½èŠ±æˆç±½ï¼Œæ€ä¹ˆåŸ‹ç§åœ°ä¸‹ã€‚æ€ä¹ˆå‘èŠ½ï¼Œåˆæ˜¯å¦‚ä½•é•¿å¤§â€¦â€¦è¿™æ˜¯ã€Šä¸€ç”Ÿç³»åˆ—ã€‹çš„æœ€åä¸€ä¸ªè§†é¢‘äº†ï¼ŒXXçš„ä¸€ç”Ÿï¼Œå°±åœåœ¨è¿™é‡Œäº†å§ï¼ ã€æå­æŸ’ Liziqi ã€‘ https://goo.gl/nkjpSx--------------------------------------------------------------------liziqiæå­æŸ’æ›´å¤šç²¾å½©è§†é¢‘æ¨è/More wonderful video recommendationsï¼šliziqiæå­æŸ’ç²¾é€‰è§†é¢‘/decent video selectionï¼šhttps://is.gd/qe9xucæå­æŸ’â—èŠ±å¼€æœ‰å£° | Soud of blooming flowersï¼š https://is.gd/tyr1jaæå­æŸ’ â—é¥®é£Ÿä»¥èŠ‚ | Chinese festival foodï¼š https://is.gd/3LsFnuæå­æŸ’ â—é€‚æ—¶è€Œé£Ÿ | Seasonal dietï¼š https://is.gd/JmLJH3ä¸œæ–¹éé—ä¼ æ‰¿ | Oriental intangible cultural heritage ï¼š https://is.gd/atatyoä¼ ç»Ÿå·¥è‰º | Traditional handicraftï¼š https://is.gd/FPl4dfSpring æ˜¥ä¹‹å·ï¼šhttps://is.gd/EBwo2nSummer å¤ä¹‹å·ï¼šhttps://is.gd/i1jJ46Autumn ç§‹ä¹‹å·ï¼šhttps://is.gd/YBVeL2Winter å†¬ä¹‹å·ï¼šhttps://is.gd/3JqW8D#æå­æŸ’#liziqi"
749,Dan4aEicr-g,We Rushed to the EMERGENCY ROOM on Vacation ğŸ˜¢ | The Royalty Family,2021-01-12T20:44:07Z,UCja7QUMRG9AD8X2F_vXFb9A,The Royalty Family,22,21.15.01,The Royalty Family|Royalty Family|Andrea Espada|Family Friendly|Royalty|Royal Family|The Royal Family|Royalty Fam|The Royalty Fam|Realty Family|Roti Family|Family Vlog|we rushed to the emergency room on vacation|emergency room|vacation|ferran|ferran baby girl|royalty|royalty fam|royal|ali|andrea|milan|royalty family challenges|the royalty palace|royalty gaming|on vacation|royalty family vacation,2038080,124586,2690,0,https://i.ytimg.com/vi/Dan4aEicr-g/default.jpg,True,False,"We Rushed to the EMERGENCY ROOM on Vacation ğŸ˜¢ ğ’ğ”ğğ’ğ‚ğ‘ğˆğğ„ HERE ğŸ‘‰  http://bit.ly/TheRoyaltyFamilyğ’ğ”ğğ’ğ‚ğ‘ğˆğğ„ To Gaming Channel ğŸ‘‰ http://bit.ly/royaltygamingWatch our RECENT VIDEOS  â¡ https://bit.ly/2JotKG4Watch Our POPULAR VIDEOS! â¡ http://bit.ly/2NgagCxWatch Our CHALLENGES  â¡ https://bit.ly/2kqDqVDFOLLOW Iá‘á”•Tá—©Gá–‡á—©á—° HERE â˜ŸANDREA â¡ https://www.instagram.com/andreaespad...ALI           â¡https://www.instagram.com/4kpapi/FERRAN  â¡https://www.instagram.com/kingferran/MILANÂ  Â Â â¡https://www.instagram.com/princemilan/FAMILYÂ  Â â¡https://www.instagram.com/royaltyfamily/DAWGSÂ  â¡https://www.instagram.com/royaltydawgs/BUSINESS INQUIRIES â¡Â royaltyfambusiness@gmail.comWelcome To THEÂ ROYALTYÂ FAMILY! We're a multiculturalÂ familyÂ based in LA, here to spread positivity. We're all about challenges, fun games, adventure, and sharing ourÂ familyÂ journey. Join us every week in sharing the good times of Andrea, Ali, Ferran & Milan (and of course, our 2 dogs Gucci & Princessa)! Best of all, we believe everyone can beÂ ROYALTYÂ so donâ€™t forget to SUBSCRIBE!!Â #Vacation #Royalty #RoyaltyFamilyWe Rushed to the EMERGENCY ROOM on Vacation ğŸ˜¢ | The Royalty Familyhttps://youtu.be/Dan4aEicr-gThe Royalty Familyhttp://www.youtube.com/RoyaltyFam"
758,e4wajXk_cDs,Kristin's Wife Comes Out As Trans,2021-01-08T20:00:19Z,UCsN7kK_cJKG4PtP5AC8MP4A,The Kitchen & Jorn Show,22,21.15.01,trans|coming out|coming out as trans|trans woman|trans women|brie|kristin and jen|kitchen and jorn|jen from buzzfeed|kristin from buzzfeed,1366167,94214,4799,12338,https://i.ytimg.com/vi/e4wajXk_cDs/default.jpg,False,False,"Meet Brie!Subscribe to our Patreon: https://www.patreon.com/kitchenandjornVideo edited by: Mia Barnett (https://www.instagram.com/miapagebarnett)Video captioned by: Arielle StewartTitle cards by: Oliver Rogue (https://www.youtube.com/c/OXRStudios)Channel art by: Sarah Day (https://sarahdayarts.com)New videos every Friday, at 12PM PST!Sound effects obtained from: https://www.zapsplat.com"
768,f8oy13PjR-Y,FINDING OUT I'M PREGNANT,2021-01-09T22:36:09Z,UC0psAD-M4X6O0yC_hFRK4hw,AlondraDessy,22,21.15.01,alondradessy|alo and benny|alondra and benny|tre and alo|alo and elsy|Louies life|jenny69|ace fam|ace family|tre carter|Landon and shyla|alo breakup|through Ryans eyes|Catherine paiz|Austin mcbroom|James charles|daisy marquez|bram fam|bramty|alondradessy and benny|benny and alondradessy|comedy|benisha|alondra dessy|gabbie hanna|Trisha paytas|Laura mellado|Laura mellado pregnant|karina garcia|alondra pregnant,3332340,232734,5005,22656,https://i.ytimg.com/vi/f8oy13PjR-Y/default.jpg,False,False,"OMG OMG HI!! This has been a secret that I've been hiding for a while now!Shop my lashes! http://www.thelashbarla.comhttp://www.instagram.com/thelashbarlashop my merchandise!https://www.shopalondradessy.comhttps://www.instagram.com/shopalondra...MY SOCIAL MEDIAShttp://www.instagram.com/alondradessyhttp://www.twitter.com/alondradessySnapchat, alondradessy.see you babes in my next bideeeeo"
770,7WteIGHPStg,When your mate eats all your food at home,2021-01-07T05:00:00Z,UCJf7YEdkEV33UXnm0gLzwvA,Jimi Jackson,22,21.15.01,[none],393677,18399,171,1261,https://i.ytimg.com/vi/7WteIGHPStg/default.jpg,False,False,Chip sandwiches are the farkin best.Like and subscribe if you enjoy the content and click on the bell so you get notified every time I upload!Instagram - JimisWorldTikTok - JimiJacksonOutro song - Side Steppin - Otis McDonald
784,HZ-bqnA5ioQ,Grow a GLIZZY #shorts,2020-12-27T17:30:01Z,UC_pT_Iz6XjuM-eMTlXghdfw,Max the Meat Guy,22,21.15.01,glizzy|bologna|smoked bologna|weber kettle,2444086,68870,4886,3156,https://i.ytimg.com/vi/HZ-bqnA5ioQ/default.jpg,False,False,Grow a GLIZZY #shortsğŸ””  Subscribe and ring the bell to get notified when we post a video!ğŸ”¥Social MediağŸ”¥ğŸ¬  Main Channel: https://youtube.com/c/maxthemeatguyğŸ“¸  Instagram: www.Instagram.com/MaxtheMeatGuyğŸ¥  TikTok: https://www.tiktok.com/@maxthemeatguyğŸ“¬  Facebook: https://www.facebook.com/MaxTheMeatGuyğŸŠ  Pinterest: https://www.pinterest.com/maxthemeatguy/..ğŸ–¥ Website w/ Recipes and Discounts: www.maxthemeatguy.comğŸŒ³ LinkTree w/ Discounts: https://linktr.ee/maxthemeatguy ..#shorts #glizzy #bologna
785,Yx-FgJ-PqaA,Revealing the secret I've kept for 3 years...IT'S HERE!,2021-01-11T00:00:11Z,UCAHufvd02viJSRdt3ojdPOg,Sarahs Day,22,21.15.01,sunee|Sarahs day|healthy cooking|healthy recipes|how to be healthy|fat loss|weight loss|gluten free|dairy free|vegan|low formal|nut free|vegetarian|easy recipe|simple healthy recipe|Sarahs day app|Sarahs day cooking project|body update|healthy tips|healthy habits,270517,16936,378,1975,https://i.ytimg.com/vi/Yx-FgJ-PqaA/default.jpg,False,False,"Sunee App https://www.sunee.comâ˜¼Healthy Cooking Made Simpleâ˜¼â˜¼New recipes uploaded every weekâ˜¼Nutritionist-approved recipes that can be filtered by GF, DF, Vegan, Modern Paleo, Nut Free, Vegetarian & Low FODMAP â˜¼7 recipe categories including main meals & sweet treats â˜¼Dietician, naturopath and nutritionist written articles uploaded weekly â˜¼Healthy eating & lifestyle tips to assist you in being the happiest & healthiest version of yourself â˜¼Let Sunee decide your next meal with the randomised recipe rouletteâ˜¼Favouritise recipes to create your own go-to database with personalised notesâ˜¼Healthy pantry staples and cooking basics to help you become the ultimate home chef+ more"
796,4eSkcCuliJE,When you suck at gaming,2021-01-05T04:50:40Z,UCJf7YEdkEV33UXnm0gLzwvA,Jimi Jackson,22,21.15.01,[none],356440,19658,164,1285,https://i.ytimg.com/vi/4eSkcCuliJE/default.jpg,False,False,Thanks to Konic for sponsoring this video! Check out the monitor i have here! - http://konic.co.nz/KD32760GQ.phpLike and subscribe if you enjoy the content and click on the bell so you get notified every time I upload!Instagram - JimisWorldTikTok - JimiJacksonOutro song - Side Steppin - Otis McDonald
956,oFhNJgWM6Y0,BRINGING THE MEATS to Arbyâ€™s: Car Cooking pt3 #shorts,2021-01-12T03:13:14Z,UC_pT_Iz6XjuM-eMTlXghdfw,Max the Meat Guy,22,21.18.01,arbys roast beef sandwich|arbys|prime rib|making a roast beef sandwich|how to make a roast beef sandwich|horseradish sauce|making good horseradish sauce|car cooking|maxthemeatguy tiktok|max the meat guy tiktok|maxthemeatguy|max the meat guy|tiktok cooking|cooking on tiktok|going to arbys|bringing the meats|we got the meats,1242552,21320,1325,692,https://i.ytimg.com/vi/oFhNJgWM6Y0/default.jpg,False,False,"BRINGING THE MEATS to @Arby's : Car Cooking pt3 #shortsRoast beef sandwich hold the roast beefâ€¦today, we brought the meats to Arbyâ€™s. A juicy prime rib with a beautiful @Arby's bun, topped with homemade horseradish sauce for the perfect roast beef sandwich.ğŸ””  Subscribe and ring the bell to get notified when we post a video!ğŸ”¥Social MediağŸ”¥ğŸ¬  Main Channel: https://youtube.com/c/maxthemeatguyğŸ“¸  Instagram: www.Instagram.com/MaxtheMeatGuyğŸ¥  TikTok: https://www.tiktok.com/@maxthemeatguyğŸ“¬  Facebook: https://www.facebook.com/MaxTheMeatGuyğŸŠ  Pinterest: https://www.pinterest.com/maxthemeatguy/..âš¡ï¸ Electric serving board from Vayreni Burns use code MAXMEAT10 for 10% off link in LinkTree below!ğŸ–¥ Recipes on my Website: www.maxthemeatguy.comğŸŒ³ LinkTree w/ Discounts: https://linktr.ee/maxthemeatguyğŸ¶ TypeHeat: Arbys..#shorts #arbys #primerib #roastbeefsandwich #maxthemeatguy"
960,qgaTjrH5_yo,Gordon Ramsay likes the short ribs but hates the carrots.,2021-01-10T22:58:33Z,UC19OYOBqkgVqgTIQxbsPdlw,ThatDudeCanCook,22,21.18.01,[none],1803562,70848,3514,1068,https://i.ytimg.com/vi/qgaTjrH5_yo/default.jpg,False,False,#shorts #beefGordon Ramsay actually reacted to this video on Tiktok and it was going great until the carrots!!Washington post Article-https://www.washingtonpost.com/food/2020/12/29/gordon-ramsay-tiktok/Rosemary salt video-https://youtu.be/YUaBy42Ibx8SUBSCRIBE: http://bit.ly/2TPzddNBUSINESS INQUIRY: CookingwithChefSonny@gmail.comFOLLOW ME:Instagram|https://www.instagram.com/cookingwithsonny/Twitter|https://twitter.com/CookingwithSon1Tiktok|https://vm.tiktok.com/xWJmN7/
1012,erYPvNbc_mc,Hello world . From Jennie,2021-01-16T03:00:13Z,UCNYi_zGmR519r5gYdOKLTjQ,Jennierubyjane Official,22,21.19.01,BLACKPINK|JENNIE|ì œë‹ˆ|ë¸”ë™í•‘í¬,14003481,2120401,22693,257429,https://i.ytimg.com/vi/erYPvNbc_mc/default.jpg,False,False,Original Music by Mandy Moore - When Will My Life Begin?Cover by Jennie#HelloWorld #FromJennie #20210116
1014,qw7HNDSRYR4,Formal GRWM (pandemic edition),2021-01-16T05:00:11Z,UCNh0PhblH7lBuj-iv_9asFg,Lily Grace,22,21.19.01,[none],111390,6288,90,466,https://i.ytimg.com/vi/qw7HNDSRYR4/default.jpg,False,False,Hey everyone sorry for being absent lately but i'm back better than ever and will be uploading consistently in 2021!!this video was filmed prior to the recent outbreaks and everyone followed the COVID regulations that were in place at the time.I hope you are all happy and healthy and enjoy this video xxInstagram: LiilygraceeTik tok: Liily.gracee
1022,m6Txv-ZQEuk,Can ANYONE wear a HIJAB? #shorts,2021-01-16T04:00:23Z,UCa53GFyem6cgf6etoIpoIdQ,Saleh Family,26,21.19.01,Hijab|Who can wear a hijab|Scarf|Tie dye hijab|Jersey hijab|Hijab tutorial|Can anyone wear a hijab|Lala hijabs,833761,35930,1697,1674,https://i.ytimg.com/vi/m6Txv-ZQEuk/default.jpg,False,False,"This is one of the biggest questions we get on our Lala Hijabs social media accounts from Non-Muslims - hope this video helps! â˜ºï¸ ANYONE can wear hijab, as long as you have good intentions. We have customers who are Christian, Jewish, Pagan, Witches, Atheist - you name it! â¤ï¸ Connect with us: msha.ke/salehfamilyOur shops:Lala Hijabs Shop: https://lalahijabs.com/Beauty Shop (Canadians only): http://www.sanasalehbeauty.comListen to our Podcast: https://anchor.fm/salehfamilyspeaksFollow us:Saleh Family Tiktok: http://www.tiktok.com/@salehfamilyLala Hijabs Tiktok: http://www.tiktok.com/@lalahijabsSanaâ€™s Instagram: https://www.instagram.com/sanasalehofficialFamily Instagram: https://www.instagram.com/salehfamilyofficialLala Hijabs Instagram: https://www.instagram.com/lalahijabsJoin the Saleh Fam and Subscribe: http://bit.ly/SSBsubscribeBusiness Emails Only: Salehfamily@Dulcedo.com#Hijab#Hijabtutorial#Islam#Salehfamilyâœ¨ Thank you for watching! We hope you smile today. âœ¨"
1025,dOAyYRAPwr0,The GLIZZY Wellington Pt2 #shorts,2021-01-16T01:00:05Z,UC_pT_Iz6XjuM-eMTlXghdfw,Max the Meat Guy,22,21.19.01,glizzy wellington|max the meat guy|maxthemeatguy|max the meat guy tiktok|maxthemeatguy tiktok|how to make a beef wellington|beef wellington|making a beef wellington taste good|how to cook a tenderloin|fun ways to use tenderloin|chef gordon ramsay beef wellington|max the meat guy wellington|crazy ways to cook meat|cooking meat|kielbasa|sausage|glizzy|parmaham|mushrooms,475096,16092,713,535,https://i.ytimg.com/vi/dOAyYRAPwr0/default.jpg,False,False,The GLIZZY Wellington Pt2 #shortsğŸ”” Subscribe and ring the bell to get notified when I post a video!ğŸ”¥Social MediağŸ”¥ğŸ¬  Main Channel: https://youtube.com/c/maxthemeatguyğŸ“¸  Instagram: www.Instagram.com/MaxtheMeatGuyğŸ¥  TikTok: https://www.tiktok.com/@maxthemeatguyğŸ“¬  Facebook: https://www.facebook.com/MaxTheMeatGuyğŸŠ  Pinterest: https://www.pinterest.com/maxthemeatguy/..ğŸ–¥ Recipe on my Website: www.maxthemeatguy.comğŸŒ³ LinkTree w/ Discounts: https://linktr.ee/maxthemeatguyğŸ¶ Grill - beatsbmmusic..#shorts #glizzy #blacktruffle #sausage #beefwellington #maxthemeatguy
1026,6y5BTGTFTmg,We Found A KEY FROZEN In ICEâ€¦,2021-01-17T16:00:05Z,UCwIWAbIeu0xI0ReKWOcw3eg,Unspeakable,22,21.19.01,unspeakable|vlog|vlogs|unspeakablegaming|prank|comedy|challenge|laugh|funny|moments|craziest|pranks|crazy|no cursing|no swearing|how to|parody|troll|video|react|family friendly|funniest|adventure|trolling|unspeakable vlogs|real life|life|unspeakable real life|unspeakableplays,3097442,141109,3021,11815,https://i.ytimg.com/vi/6y5BTGTFTmg/default.jpg,False,False,NEW MERCH! - https://www.unspeakable.com/Follow all of these or I will steal your cookies.INSTAGRAM 1 - http://instagram.com/unspeakableINSTAGRAM 2 - https://www.instagram.com/Unspeakableshop/TIK TOK -  https://vm.tiktok.com/tyG2Rd/TIK TOK 2.0 - https://www.tiktok.com/@unspeakableplaysgamesFACEBOOK - https://www.facebook.com/UnspeakableVlogsFACEBOOK 2.0 - https://www.facebook.com/UnspeakableClothingSubscribe to my other channels or I will eat your computer.MINECRAFT - https://www.youtube.com/user/UnspeakableGaming?sub_confirmation=1EPIC GAMES - https://www.youtube.com/channel/UC1n_yB_W-FZCbwajZPcs8Jw?sub_confirmation=1VLOGS - https://www.youtube.com/channel/UCwIWAbIeu0xI0ReKWOcw3eg?sub_confirmation=1VLOGS 2.0 - https://www.youtube.com/channel/UCet_y01v87pE7MPGikjTQQw?sub_confirmation=1NEW MERCH - https://www.youtube.com/channel/UCBUOxKtRd79qLwkLTPsFCUA?sub_confirmation=1THE NOOB - https://www.youtube.com/channel/UCA1LBqaJbeRPyjL3LmHjwqQ?sub_confirmation=1Thanks for watching! Likes are greatly appreciated! Subscribe to be notified when my next video is live!
1029,CmCpKKO6Omk,THE PERFECT CAVIAR BITE,2021-01-15T02:09:34Z,UCMyOj6fhvKFMjxUCp3b_3gA,Nick DiGiovanni,22,21.19.01,[none],3056811,91755,4355,3029,https://i.ytimg.com/vi/CmCpKKO6Omk/default.jpg,False,False,#shorts
1031,aivn-sqjPXg,Did he become MUSLIM to marry HER? #shorts,2021-01-15T02:53:19Z,UCa53GFyem6cgf6etoIpoIdQ,Saleh Family,26,21.19.01,Muslim revert|New Muslim|Convert to Islam|Islam story|Islamic conversion|Saleh family|Muslim couple|Muslim tiktok,1914690,51144,9570,0,https://i.ytimg.com/vi/aivn-sqjPXg/default.jpg,True,False,Listen to Willâ€™s full story on WHY he became Muslim here: https://youtu.be/ZsgiIhkpbZkConnect with us: msha.ke/salehfamilyOur shops:Lala Hijabs Shop: https://lalahijabs.com/Beauty Shop (Canadians only): http://www.sanasalehbeauty.comListen to our Podcast: https://anchor.fm/salehfamilyspeaksFollow us:Saleh Family Tiktok: http://www.tiktok.com/@salehfamilyLala Hijabs Tiktok: http://www.tiktok.com/@lalahijabsSanaâ€™s Instagram: https://www.instagram.com/sanasalehofficialFamily Instagram: https://www.instagram.com/salehfamilyofficialLala Hijabs Instagram: https://www.instagram.com/lalahijabsJoin the Saleh Fam and Subscribe: http://bit.ly/SSBsubscribeBusiness Emails Only: Salehfamily@Dulcedo.com#RevertMuslim#ConvertToIslam#Islam#NewMuslim#Salehfamilyâœ¨ Thank you for watching! We hope you smile today. âœ¨
1033,qX8WP7F_t-Q,Why Do Prisons and Mental Institutions Use This Type of Paint Color? #shorts,2021-01-10T14:23:54Z,UCUhLCpJxt5XmU5d0-LwhLMw,Tonester Paints,26,21.19.01,#paint,2187357,51875,1117,1621,https://i.ytimg.com/vi/qX8WP7F_t-Q/default.jpg,False,False,Fun facts and history of this particular color! #shorts
1037,MWjQZ1Tx-20,The GLIZZY Wellington #shorts,2021-01-15T00:40:06Z,UC_pT_Iz6XjuM-eMTlXghdfw,Max the Meat Guy,22,21.19.01,beef wellington|glizzy|how to make a beef wellington|tricks to making a good wellington|how to use sausage|wellington recipe|cooking with puff pastry|making a wellington|sausage|mustard|max the meat guy|maxthemeatguy|max the meat guy tiktok|maxthemeatguy tiktok|ramsay reacts|max the meat guy and gordon ramsay|gordon ramsay wellington|sausage wellington|cool ways to make a dinner|experimenting with sausage|fun meals to make,926365,26796,1589,1064,https://i.ytimg.com/vi/MWjQZ1Tx-20/default.jpg,False,False,The GLIZZY Wellington #shortsğŸ”” Subscribe and ring the bell to get notified when I post a video!ğŸ”¥Social MediağŸ”¥ğŸ¬  Main Channel: https://youtube.com/c/maxthemeatguyğŸ“¸  Instagram: www.Instagram.com/MaxtheMeatGuyğŸ¥  TikTok: https://www.tiktok.com/@maxthemeatguyğŸ“¬  Facebook: https://www.facebook.com/MaxTheMeatGuyğŸŠ  Pinterest: https://www.pinterest.com/maxthemeatguy/..ğŸ–¥ Recipe on my Website: www.maxthemeatguy.comğŸŒ³ LinkTree w/ Discounts: https://linktr.ee/maxthemeatguyğŸ¶ Dark HipHop Beat - Dj Memo..#shorts #glizzy #sausage #beefwellington #maxthemeatguy
1041,q2cIfWFiseg,We're The Greatest Crewmates - Among Us Song,2021-01-15T20:45:10Z,UCn3AViOfcFN4zIICMC5hvPg,Shiloh & Bros,22,21.19.01,among us|among us in real life|among us song|song|in real life|irl|among us reality|if everything was like among us|imposter iq|part 3|part 4|imposter|among us but in real life|real life|among us irl|among us parody|among us skit|funny among us|funny|funny among us moments|imposter iq 999|imposter vs crewmate|siblings|comedy|shiloh|shiloh and bros|shiloh nelson|among us imposter|we're the greatest crewmates,2254310,77540,1782,14468,https://i.ytimg.com/vi/q2cIfWFiseg/default.jpg,False,False,"We got so many requests for this song from our Among Us In Real Life series. Guess who the imposter is & let us know if you were right! The song originally appeared in If Everything Was Like Among Us part 4 and part 5.  Our merch store! https://shilohandbros.com/If you like Piper Rockelle, The Norris Nuts, Dixie D'Amelio, or the Txunamy, you'll love our channel. We do funny pranks, challenges, and skits!Shiloh's Instagram: https://www.instagram.com/shilohanelson/   Elijah's Instagram: https://www.instagram.com/iamelijahnelson/Micah's Instagram: https://www.instagram.com/heythisismicah/Judah's Instagram: https://www.instagram.com/judahnelson/Britney's Instagram: https://www.instagram.com/britneyleighnelson/Subscribe here! http://bit.ly/ShilohToJudahChannelHit the bell to be notified when we post new videos! #amongus #imposteramongus #inreallife"
1048,JK1269DI0oQ,Watch Gordon Ramsay react to my food!!,2021-01-11T21:56:20Z,UC19OYOBqkgVqgTIQxbsPdlw,ThatDudeCanCook,22,21.19.01,[none],4430495,154949,3869,2284,https://i.ytimg.com/vi/JK1269DI0oQ/default.jpg,False,False,#shorts #beefReally fun to make this reaction to his reaction!!Washington post Article-https://www.washingtonpost.com/food/2020/12/29/gordon-ramsay-tiktok/Rosemary salt video-https://youtu.be/YUaBy42Ibx8SUBSCRIBE: http://bit.ly/2TPzddNBUSINESS INQUIRY: CookingwithChefSonny@gmail.comFOLLOW ME:Instagram|https://www.instagram.com/cookingwithsonny/Twitter|https://twitter.com/CookingwithSon1Tiktok|https://vm.tiktok.com/xWJmN7/
1056,jny0fATDVBo,How Lebron was when he found out James Harden Went to the Nets,2021-01-14T04:38:02Z,UC4G10tk3AHFuyMIuD3rHOBA,RDCworld1,22,21.19.01,[none],5141020,322451,3563,14845,https://i.ytimg.com/vi/jny0fATDVBo/default.jpg,False,False,We know lebron was hot at this news man they always got this man going up against every top person in the world together ğŸ¤£ğŸ¤£Follow our social media:@rdcworld1@supremedreams_1@23_is_leland@dylanpatel4@l0veandpeac3@ive_ben_jammin@cleanuniform@playthatjohn
1058,JuZZajBBjqg,MY FAVOURITE WEEKEND CAMPING SPOT! - THE EXPLORE LIFE- STRADBROKE ISLAND!,2021-01-17T08:00:03Z,UCU7WCO2ymb8HSfee1z72X-w,The Explore Life,22,21.19.01,79 series|4wd build|explore 4x4|the explore life|4wd247|Sam Eyles|ladncruiser|landcruiser|79 series landcruiser|arb 4x4|straddie camping|stradbroke island|moreton island|fraser island|ybs|beach camping qld|brodie moss|straddie 4wding|qld|fishing stradrboke|mainbeach stradbroke|camping flinders beach|camping mainbeach straddie|north stradbroke island|straddie,37749,1349,24,324,https://i.ytimg.com/vi/JuZZajBBjqg/default.jpg,False,False,LIKE - SUBSCRIBE - ENJOY WERE BACK WITH OUR FIRST EPISODE OF THE YEAR!OUR FAVOURITE WEEKEND CAMPING SPOT STRADBROKE ISLAND !!!!!!!!GIVE AWAY TIME!!!!!To win one of our new products from our drinkware range all you have to do is subscribe and leave a comment with your instagram handle and we will pick 2 winners!TO CHECK OUT THE NEW PRODUCTS https://theexplorelife.com.au/THE CREW'S INSTA MATT AND JESS@matts_explorelife@theflyingdiver_DONNY AND STACEY@airingdownALEX AND LAN@alexthistletonLOFTY AND KIANI@track_offshore
1061,iz3PyG3iWTI,HIJAB FRIENDLY SILK MASK #shorts,2020-12-18T17:43:21Z,UCa53GFyem6cgf6etoIpoIdQ,Saleh Family,26,21.19.01,hijab friendly mask|hijab friendly face mask|how to wear a mask with hijab|mulberry silk mask|how to save ears with a mask|ear saver mask|silk mask|hijab face mask|lala hijabs mask|face mask|silk face mask,6905854,219822,27347,0,https://i.ytimg.com/vi/iz3PyG3iWTI/default.jpg,True,False,"Our Hijab Friendly Masks are now available at http://www.lalahijabs.comALL LINKS: msha.ke/salehfamilySHOPS:LALA HIJABS SHOP: https://lalahijabs.com/BEAUTY SHOP (Canadians only): http://www.sanasalehbeauty.comLISTEN TO OUR PODCAST SALEH FAMILY SPEAKS: https://anchor.fm/salehfamilyspeaksLETâ€™S CONNECT:SALEH FAMILY TIKTOK: http://www.tiktok.com/@salehfamilyLALA HIJABS TIKTOK: http://www.tiktok.com/@lalahijabsSANAâ€™S INSTAGRAM: https://www.instagram.com/sanasalehofficialFAMILY INSTAGRAM: https://www.instagram.com/salehfamilyofficialLALA HIJABS INSTAGRAM: https://www.instagram.com/lalahijabsSUBSCRIBE ğŸ’– http://bit.ly/SSBsubscribe#hijabmask#hijabfriendlymask#Hijab#Mulberrysilkmask#Facemask âœ¨ Thank you for watching, friend! I hope you smile today. âœ¨"
1063,ySkmrQYF1h8,Can We Increase Our Height with Exercise?,2021-01-14T05:31:26Z,UCeJFgNahi--FKs0oJyeRDEw,Hybrid Calisthenics,22,21.19.01,[none],1570497,96169,897,2101,https://i.ytimg.com/vi/ySkmrQYF1h8/default.jpg,False,False,"Is there any exercise, stretch, or routine to make us taller?Kind of.We can do things to reveal our natural height, but nothing will make us taller than we're actually supposed to be. That we know of, anyway.We want to keep our spines healthy and limber.AND we want to make sure we're getting enough calcium in our diet.If you're young (under 21 or so), sleep can make a significant impact on your height. Try to sleep long and deep every night (at least 8 hours). During sleep, our brain tends to heal before our bodies, so the longer we sleep, the more repair and growth can happen. To an extent, of course.I hope this can help!Legal Notice: Consult your doctor before beginning any kind of exercise program. This video does not replace a physical therapy program or consultation with a medical professional.#shorts #hybridcalisthenics #height---Hybrid Calisthenics Shirt: https://bonfire.com/logo-24/Join our Discord community! https:// HybridCalisthenics.com/discord---Instagram: https://www.hybridcalisthenics.com/instagramYouTube: https://www.hybridcalisthenics.com/youtubeFaceBook: https://www.hybridcalisthenics.com/facebookTwitter: https://www.hybridcalisthenics.com/twitterTwitch: https://www.hybridcalisthenics.com/twitchTikTok: https://www.hybridcalisthenics.com/tiktokTumblr: https://www.hybridcalisthenics.com/tumblrPatreon: https://www.hybridcalisthenics.com/patreonOnlyFans (Family Friendly): https://hybridcalisthenics.com/onlyfansSubreddit: https://www.hybridcalisthenics.com/subreddit All Other Links:https://www.linktr.ee/HybridCalisthenics"
1065,Zv2L2XU0HAM,Sometimes mother never comes back . #YouShouldKnow #FÃ¼rdich #kunst #painting #drawing #dlaciebie #xi,2021-01-10T01:29:27Z,UC0Qy8sA0jW_mpba7olsVxOg,Miss XiaoLin,22,21.19.01,[none],27126211,290197,40283,8795,https://i.ytimg.com/vi/Zv2L2XU0HAM/default.jpg,False,False,#drawing #Xiaolin #XiaolinDrawThank you for watchingLove all â¤ï¸â¤ï¸
1075,FjazF4hnPK8,Fully loaded hot dogs on the black stone griddle,2021-01-11T02:57:17Z,UCG0aOR5kjOv82FJ3zyqtC2Q,Miguelâ€™s Cookingwithfire,22,21.19.01,[none],2664804,33137,1707,1038,https://i.ytimg.com/vi/FjazF4hnPK8/default.jpg,False,False,#hotdogs #blackstone #food
1080,aCIMYjqWxwA,"Australian Lamb: Make Lamb, Not Walls",2021-01-10T18:59:21Z,UC72mdTdZGMpLNG5kRfFVvaw,Australian Lamb,26,21.19.01,[none],998581,11169,878,0,https://i.ytimg.com/vi/aCIMYjqWxwA/default.jpg,True,False,Australia 2031. Our once united nation has been divided by the great state walls. Only Aussie lamb has the power to break down the borders and reunite the states together around a lamb barbie. Because what unites us is more delicious than what divides us.Share The Lamb.
1081,kfGuV1um27w,SURPRISING MY BOYFRIEND FOR HIS BIRTHDAY *emotional*,2021-01-14T19:00:18Z,UCYAXc8-3YZbau9vC7EyygqQ,Amelie,22,21.19.01,Amelie zilber|blake gray|birthday vlog|vlog|surprise|birthday surprise|sway house|sway|addison rae|dixie damelio|doah|braddison|blamelie|bryce hall|tiktok|tik tok|charli damelio|emotional|sweet|love|boyfriend|relationship|relationship goals|dating,815992,65219,333,1256,https://i.ytimg.com/vi/kfGuV1um27w/default.jpg,False,False,"Hey guys! Hereâ€™s a vlog of me surprising my boyfriend, Blake Gray, for his 20th birthday! Itâ€™s super cute and a little emotionalâ€¦ Iâ€™m happy I could share this moment with you all! Letâ€™s be friends :)))I N S T A: www.instagram.com/ameliezilber T I K T O K: https://www.tiktok.com/@ameliezilberT W I T T E R: https://twitter.com/ameliexroseS N A P: @amelierose10"
1089,B6hFRorsiC8,I Bought EVERYTHING Inside This Warehouse Without Looking At It First!  ğŸ˜…ğŸ’¸,2021-01-16T04:17:56Z,UCGTKwjs1ctvgwCRa67RNO-Q,HeavyDSparks,22,21.19.01,helicopter|heli|flying|flight|asmr|vlog|heavy d|diesel|diesel dave|dave sparks|adventure|zion|utah|moab|go pro|travel vlog|diesel trucks|trucks|giveaway|ASMR|adventure vlog|vlogger|instagram|plane|Heavy D Sparks|diesel brothers|diesel power gear|diesel truck|how to|Polaris|Rzr|Utv|Atv|Offroad|Fun|Crazy|Rope swing|Heavy d|Heavydsparks|Diesel|Dave Sparks|hot tub|reveal|finale|exploring|silver|gold|tug of war|tug|tug o war|battle|tank|6x6|world record|stradman,788579,30272,444,2903,https://i.ytimg.com/vi/B6hFRorsiC8/default.jpg,False,False,This was a risky purchase...Guess how much you think I made or lost before watching til the end!Subscribe right now to be entered into our giveaways: https://www.youtube.com/c/HeavyDSparksFollow Me on Insta: https://www.instagram.com/heavydsparks/?hl=enShop Here to Win a Truck: www.DieselPowerGear.com FACEBOOK: https://www.facebook.com/HeavyDSparks/Click here to get Sparks Motors Gear: https://www.heavydsparks.com/
1092,u-sobyCVGQE,"Cat politely asks to be put under blanket, then sneezes.",2020-12-26T19:37:00Z,UCEZU1wMI5sgi_DOSqaFyitQ,Loosh,22,21.19.01,[none],1781992,108114,852,2801,https://i.ytimg.com/vi/u-sobyCVGQE/default.jpg,False,False,
1095,ZW1Thzj3pJk,Do you think this tuna is raw??,2021-01-12T19:30:55Z,UC19OYOBqkgVqgTIQxbsPdlw,ThatDudeCanCook,22,21.19.01,[none],1955906,43468,3291,3198,https://i.ytimg.com/vi/ZW1Thzj3pJk/default.jpg,False,False,#shorts #tunaThis is a very simple way to cook a high quality piece of sushi grade ahi tuna. Feel free to experiment with the crust and flavors to cater the dish to your taste!!SUBSCRIBE: http://bit.ly/2TPzddNBUSINESS INQUIRY: CookingwithChefSonny@gmail.comFOLLOW ME:Instagram|https://www.instagram.com/cookingwithsonny/Twitter|https://twitter.com/CookingwithSon1Tiktok|https://vm.tiktok.com/xWJmN7/
1097,SjKARrJwqzE,"[Stray Kids : SKZ-PLAYER] I.N ë§‰ë‚´ì˜¨íƒ‘ (Feat. Bang Chan, Changbin)",2021-01-15T14:59:52Z,UC9rMiEjNaCSsebs31MRDCRA,Stray Kids,22,21.19.01,Stray Kids|ìŠ¤íŠ¸ë ˆì´ í‚¤ì¦ˆ|SKZ|ìŠ¤í‚¤ì¦ˆ|ë°©ì°¬|BANG CHAN|ë¦¬ë…¸|ì´ë¯¼í˜¸|LEE KNOW|LEEMINHO|ì°½ë¹ˆ|ì„œì°½ë¹ˆ|CHANGBIN|SEOCHANGBIN|í˜„ì§„|í™©í˜„ì§„|HYUNJIN|HWANGHYUNJIN|í•œ|í•œì§€ì„±|HAN|HANJISUNG|í•„ë¦­ìŠ¤|FELIX|ìŠ¹ë¯¼|ê¹€ìŠ¹ë¯¼|SEUNGMIN|KIMSEUNGMIN|ì•„ì´ì—”|ì–‘ì •ì¸|I.N|YANGJEONGIN|SKZ-PLAYER|ìŠ¼ì¦ˆí”Œë ˆì´ì–´|I.N SKZ-PLAYER|ì•„ì´ì—” ìŠ¼ì¦ˆí”Œë ˆì´ì–´|ì•„ì´ì—” ìì‘ê³¡|I.N ë§‰ë‚´ì˜¨íƒ‘|ì•„ì´ì—” ë§‰ë‚´ì˜¨íƒ‘|ì“°ë¦¬ë¼ì°¨ í”„ë¡œë“€ì‹±|ì“°ë¦¬ë¼ì°¨ ìŠ¼ì¦ˆí”Œë ˆì´ì–´|3RACHA ìì‘ê³¡|ì•„ì´ì—” ìŠ¼í”Œ|I.N ìŠ¼ì¦ˆí”Œë ˆì´ì–´|StrayKids 3RACHA|ìŠ¤íŠ¸ë ˆì´í‚¤ì¦ˆ ë§‰ë‚´ì˜¨íƒ‘|ì•„ì´ì—” ì‘ì‚¬|ì•„ì´ì—” ì‘ê³¡|ìŠ¤íŠ¸ë ˆì´í‚¤ì¦ˆ ë§‰ë‚´|SKZ ë§‰ë‚´ì˜¨íƒ‘|Stray Kids ë§‰ë‚´ì˜¨íƒ‘|Stray Kids ìŠ¼ì¦ˆí”Œë ˆì´ì–´|ìŠ¤íŠ¸ë ˆì´í‚¤ì¦ˆ ìì‘ê³¡|ì“°ë¦¬ë¼ì°¨ ìì‘ê³¡|3racha,3210807,681545,1822,61519,https://i.ytimg.com/vi/SjKARrJwqzE/default.jpg,False,False,"[Stray Kids(ìŠ¤íŠ¸ë ˆì´ í‚¤ì¦ˆ) : SKZ-PLAYER(ìŠ¼ì¦ˆ í”Œë ˆì´ì–´)] ì•„ì´ì—”(I.N) ë§‰ë‚´ì˜¨íƒ‘ (Feat. ë°©ì°¬(Bang Chan), ì°½ë¹ˆ(Changbin))[I.N's Comment]ì•ˆë…•í•˜ì„¸ìš” ì•„ì´ì—”ì…ë‹ˆë‹¤ì°¬ì´í˜•ì´ íŠ¸ë™ ë§Œë“œëŠ” ê±¸ ë“£ë‹¤ê°€ ê°™ì´ ì‘ì—…ì„ í•´ë³´ì í•´ì„œ ì´ ë…¸ë˜ë¥¼ ë§Œë“¤ê²Œ ë˜ì—ˆìŠµë‹ˆë‹¤ ì°½ë¹ˆì´ í˜•ì´ ê°€ì‚¬ë¥¼ ëŠ¦ê²Œ ì ì–´ ì‘ì—…ë¬¼ì´ ëŠ¦ê²Œ ë‚˜ì™”ì§€ë§Œ...ã…‹ã…‹ã…‹ ê·¸ë˜ë„ í˜• ë•ë¶„ì— ì¢‹ì€ ë…¸ë˜ê°€ ë‚˜ì˜¨ ê±° ê°™ìŠµë‹ˆë‹¤! ì €ì˜ ë‹¤ì–‘í•œ ëª¨ìŠµì„ ë³´ì—¬ë“œë¦¬ê³  ì‹¶ì–´ ì´ ê³¡ì„ ë§Œë“¤ê²Œ ë˜ì—ˆëŠ”ë°, ì¬ë°Œê²Œ ë“¤ì–´ì£¼ì‹œê³  ì¬ë°Œê²Œ ë´ì£¼ì„¸ìš”!ì•ìœ¼ë¡œë„ ë” ë‹¤ì–‘í•œ ë…¸ë˜, ìŒì•… ë“¤ë ¤ë“œë¦¬ê² ìŠµë‹ˆë‹¤! ë§ˆì§€ë§‰ìœ¼ë¡œ ì´ ë…¸ë˜ë¥¼ ë“¤ìœ¼ì‹œëŠ” ëª¨ë“  ë§‰ë‚´ë¶„ë“¤ í˜ë‚´ì‹œê¸¸ ë°”ëë‹ˆë‹¤...! ê°ì‚¬í•©ë‹ˆë‹¤![Credits]Lyrics by : ì•„ì´ì—”, ì°½ë¹ˆ (3RACHA), ë°©ì°¬ (3RACHA)Composed by : ì•„ì´ì—”, ë°©ì°¬ (3RACHA)Arranged by : ë°©ì°¬ (3RACHA)Original Publisher : JYP Publishing (KOMCA)[I.N ë§‰ë‚´ì˜¨íƒ‘ Lyrics]YeahHaWhooë§‰ë‚´ì˜¨íƒ‘ Woahë§‰ë‚´ì˜¨íƒ‘ Woahì˜¬í•´ë„ íƒ‘ Ey Woahë§‰ë‚´ì˜¨íƒ‘ WoahìŠ¤í‚¤ì¦ˆ ì‹¤ì„¸ ë§‰ë‚´ íŒ€ ë‚´ ì„œì—´ 1ìœ„íŒ©í­ í•œ ë°© ë§ìœ¼ë©´ í˜•ë“¤ ì •ì‹  ì°¨ë¦¬ì§€ì˜ˆì˜ëŠ” ìˆì–´ë„ ë§‰ë‚´ ê°œë…ì€ ì—†ì–´ ë‚œì˜¬í•´ ë‚´ë…„ë„ ë‚œ ìŠ¤í‚¤ì¦ˆ ë§‰ë‚´ì˜¨íƒ‘ì†Œê°œí•  ê²Œ ë­ ë” ìˆë‚˜ì´ ì •ë„ë©´ ì¶©ë¶„í•˜ì œë” ì´ìƒì˜ ì„¤ëª…ì€ ì´ì œ ê·¸ë§Œí•˜ì§€ ì—¬ê¸°ê¹Œì§€ë§‰ë‚´ì˜¨íƒ‘ Woahë§‰ë‚´ì˜¨íƒ‘ Woahë§‰ë‚´ì˜¨íƒ‘ Ey Woahë§‰ë‚´ì˜¨íƒ‘ Woahì˜¨ê°– ê·€ì—¬ì›€ íˆ¬ì„±ì´ì§€ë§Œ ì„œì—´ì€ ì›íƒ‘ì•„ì¹¨ë§ˆë‹¤ ì•„ì¹¨ ì¸ì‚¬ ëŒ€ì‹  í•œ ì†Œë¦¬ í•˜ëŠ” ì´ì—”ì´ í˜•ì•„(ì˜¤ë©”ì˜¤ë©” ì§„ì§œ ëŒ€ë‹¨í•˜ê²Œ ìƒê²¼ë„¤)ì§œì‹ ë§ì´ ì»¸ë‹¤ì—°ìŠµìƒ ë•Œ í•™êµ ì²´ìœ¡ë³µ ë°˜ë°”ì§€ ë¶€ì‚° ì†Œë…„ ê¸°ì–µë‚˜ëƒì•„ ê±” ë‚´ê°€ ì—…ì–´ í‚¤ì› ì–ì•„ê·¸ë•Œë¶€í„° ê¹œì°í–ˆì§€ ë‚˜ë¥¼ ì™ ë¹¼ë‹®ì•„ì•„ ë§ë‹¤ ì´ ì†Œë¦¬ ì œì¼ ì‹«ì–´í•˜ì‹œì§€ê·¼ë° ì¡°ê¸ˆ ë‹®ì€ ë“¯í•´ ê±°ìš¸ì„ ì˜ ë´ë´ (ë§ì„ë¼ê³ )ì–´ìœ  ì•Œì•˜ì–´ ë¯¸ì•ˆ ì„œì—´ ê¼´ë“± ë¼ë¼ ì´ë§Œ ë¬¼ëŸ¬ë‚œë‹¤ì• ê¸° ë°¥ì€ ë­ ë¨¹ì„ë˜ ì˜¤ëŠ˜ ë‚´ê°€ ì‚´ê²Œ ì§‘ë°¥ìœ¼ë¡œ ë”°ë¼ì™€ì†Œê°œí•  ê²Œ ë­ ë” ìˆë‚˜ì´ ì •ë„ë©´ ì¶©ë¶„í•˜ì œë” ì´ìƒì˜ ì„¤ëª…ì€ ì´ì œ ê·¸ë§Œí•˜ì§€ ì—¬ê¸°ê¹Œì§€I.N on Top WoahI.N on Top WoahI.N on Top Ey WoahI.N on Top Woahë§‰ë‚´ì˜¨íƒ‘ ë§‰ë‚´ì˜¨íƒ‘ì´ì—”ì˜¨íƒ‘ ì´ì—”ì˜¨íƒ‘ë§‰ë‚´ì˜¨íƒ‘ ë§‰ë‚´ì˜¨íƒ‘ì´ì—”ì˜¨íƒ‘ ì´ì—”ì˜¨íƒ‘Stray Kids Digital Single ALL IN (Korean Ver.)iTunes & Apple Music: https://apple.co/33fWGbGSpotify: https://spoti.fi/3nYlixnStray Kids Official YouTube: https://www.youtube.com/c/StrayKidsStray Kids Official Facebook: https://www.facebook.com/JYPEStrayKids/Stray Kids Official Instagram: https://www.instagram.com/realstraykids/Stray Kids Official Twitter: https://twitter.com/Stray_KidsStray Kids Official Fan's: https://fans.jype.com/StrayKids#StrayKids #I_N #ë§‰ë‚´ì˜¨íƒ‘#ìŠ¤íŠ¸ë ˆì´í‚¤ì¦ˆ #ì•„ì´ì—”#SKZ_PLAYER #ìŠ¼ì¦ˆí”Œë ˆì´ì–´#YouMakeStrayKidsStayCopyrights 2021 â“’ JYP Entertainment. All Rights Reserved."
1102,-K6E6U58zGE,LOBSTER x Grilled Cheese #shorts,2021-01-14T03:35:38Z,UC_pT_Iz6XjuM-eMTlXghdfw,Max the Meat Guy,22,21.19.01,lobster bisque|how to make lobster bisque|making lobster grilled cheese|maxthemeatguy|max the meat guy|maxthemeatguy tiktok|max the meat guy tiktok|how to make grilled cheese|recipe for good grilled cheese|cooking things with lobster|using lobster in a dish|how to cook a lobster|making lobster soup|things to make with cheese|keto friendly recipes|keto dishes|making a grilled cheese from scratch|grilled cheese|lobster,1054678,38285,1281,938,https://i.ytimg.com/vi/-K6E6U58zGE/default.jpg,False,False,LOBSTER x Grilled Cheese #shortsCreamy lobster bisque & grilled cheese laced with pieces of lobster all throughout. Served in a fresh coconut bowl and enjoyed with a refreshing glass of coconut water.ğŸ”” Subscribe and ring the bell to get notified when we post a video!ğŸ”¥ Social Media ğŸ”¥ğŸ¬  Main Channel: https://youtube.com/c/maxthemeatguyğŸ“¸  Instagram: www.Instagram.com/MaxtheMeatGuyğŸ¥  TikTok: https://www.tiktok.com/@maxthemeatguyğŸ“¬  Facebook: https://www.facebook.com/MaxTheMeatGuyğŸŠ  Pinterest: https://www.pinterest.com/maxthemeatguy/..ğŸ–¥ Website w/ Recipes and Discounts: www.maxthemeatguy.comğŸŒ³ LinkTree w/ Discounts: https://linktr.ee/maxthemeatguyğŸ¶ Pavor [Hip Hop] - Instrumental - Cuarta Pared Studio..#shorts #lobster #grilledcheese #lobsterbisque #lobstergrilledcheese #coconut #maxthemeatguy
1106,SPrcTTQ6u8w,LEBRON JUST TWEETED ABOUT US!!!!!,2021-01-14T21:07:45Z,UC4G10tk3AHFuyMIuD3rHOBA,RDCworld1,22,21.19.01,[none],2423928,267563,854,15035,https://i.ytimg.com/vi/SPrcTTQ6u8w/default.jpg,False,False,"I STILL CAN'T BELIEVE IT LEBRON NOT ONLY WATCHED OUR VIDEO BUT RETWEETED IT!!!!!!! THIS IS CRAZY Man we had to show our appreciation fr, we're so grateful for y'all spreading our content around this would be possible if it wasn't for y'all!!! THANK YOU ğŸ™"
1107,EdOEygs2_U0,Building a primitive bike jump from forest logs!,2021-01-15T14:00:08Z,UC1iGpIm2g0D8lZvhtqetHmg,Backyard Trail Builds,26,21.19.01,mountain biking|mtb|trail building|primitive|no screws|no power tools|hand tools|mtb jump|backyard trail builds|btb|diy,103800,6955,63,644,https://i.ytimg.com/vi/EdOEygs2_U0/default.jpg,False,False,"No screws, no glue, no nails, no power tools, and no killing of any trees! We turned an Ash and Cedar Tree into a mountain bike jump using only the wood from the forest, hand tools and our bodies!#woodworking #primitive #MTB SUPPORT THE CHANNEL HERE ~~ https://www.patreon.com/backyardtrailbuildsCHECK OUT MY POLYGON BIKES!The Trid ZZ ğŸ‘‰ https://bit.ly/3iu9K2TThe Siskiu N9 ğŸ‘‰ https://bit.ly/3ir3wRvLike My Pants? Use Code BTB10 and get 10 percent off the ones I wear!ğŸ‘‰https://handupgloves.com/collections/all-bottomsğŸ‘‰LISTEN TO MY MUSICğŸ¶~~ https://open.spotify.com/artist/1pn4iHgwa16N7JDJ9hX4NbğŸ‘‰Join me on INSTAGRAM ~~ https://www.instagram.com/backyardtrailbuilds/?hl=enğŸ‘‰GET MERCH HERE! ğŸ‘•ğŸ¤™ https://www.backyardtrailbuilds.com/merch/one-man-builder"
1118,bxU6CifE79Q,Dream In Minecraft Manhunt...,2021-01-14T18:05:41Z,UCZWBGXa6kiaWo9-pE8CX6Dg,Dream Shorts,22,21.19.01,Dream Minecraft|dream Minecraft youtube|minecraft|dream|Minecraft but water rises every minute|minecraft but lava rises every minute|minecraft but challenge|minecraft challenge|challenge|minecraft 1.14|beating minecraft|rematch|finale|finale rematch|grand finale|grand|four hunters|4 hunters|Dream Team|Minecraft Manhunt,1017464,106577,1249,4957,https://i.ytimg.com/vi/bxU6CifE79Q/default.jpg,False,False,"Dream In Minecraft Manhunt... Is this what it's like in his head?!#shortsSUBSCRIBE! Lots of uploads coming this year!@Dream @GeorgeNotFound @BadBoyHalo @Sapnap An arrow is shot at Dream and Dream attempts to dodge it using calculated movements... (Yes, this entire video is sarcastic)"
1120,9iEBLoX2BxI,WE HAVE MASSIVE NEWS.. ğŸ¥³â¤ï¸,2021-01-11T22:40:46Z,UCZdQjaSoLjIzFnWsDQOv4ww,Sailing La Vagabonde,19,21.19.01,[none],1101348,47177,968,6550,https://i.ytimg.com/vi/9iEBLoX2BxI/default.jpg,False,False,"#284 We have some really exciting news but you'll have to watch to find out.....Thanks to our amazing featured music artists for supporting the show! You can listen to them all on our Spotify playlist: https://www.tinyurl.com/t9fqqufSong Credits:00:00 - now-forever-analog-heart https://open.spotify.com/track/5fURQxpi5t46slXvqTRE8C00:30 - Tatono - Near https://open.spotify.com/track/2Z6syn3hPiWYQathb2pO9602:31 - Jack and the Weatherman - Instrumental - Free https://open.spotify.com/track/042kexNcTZgLmAaxw1myAj04:13 - Jangle - 7 Reasons https://open.spotify.com/track/6Q4MdpjYHCKtEjvmij5lSH05:08 - ON BOURBON STREET royalty free Music by Giorgio Di Campo for FreeSound Music http://freesoundmusic.euhttps://youtube.com/freesoundmusicoriginal video:  https://youtu.be/Bd5Of76Ylg406:34 - New Frontier - Koresma https://open.spotify.com/track/6hkZ974ZJcWY6NorsnIFIV07:12 - The Big Idea - Why https://open.spotify.com/album/7Dcs4CJMchsgt0rkOmLeH8?si=xu7GjhJ5R2mEdHzFgJYJuw11:19 - Walk Home - AKW https://open.spotify.com/track/3l2Ftf4MzPuS20hjl0hKSS13:29 - brazil-blake-ewing Song selected from MusicBed. Get a free trial here: http://share.mscbd.fm/sailinglavagabonde14:32 - Lockd - Lykofos https://open.spotify.com/track/6zRF7TMPHosm0zVghw8TuPProduced by Elayna & RileyJohn March - Editor, Sound Design and MixerScott Rowland - Assistant Editorhttps://zenavguy.com/Follow our Insta's for more!!  https://www.instagram.com/elayna.carausuhttps://www.instagram.com/riley.whitelumDon't forget to like us on Facebook!http://www.facebook.com/sailinglavagabondeJoin our Patreon Crew. For LIVE broadcasts, exclusive content and other perks! Please become a Patron and support our production.http://www.patreon.com/LaVagabondeDownload Elaynas music here!https://elaynac.bandcamp.comPick up some official La Vaga merch and help support our journey!http://shop-lavagabonde.comSubscribe to our new sexy website for blog posts and updates!http://www.sailing-lavagabonde.comFollow us on Twitter!http://twitter.com/@sailing_lavagaLike Elaynas Music page on the book!http://www.facebook.com/elaynacmusicFAQWhat cameras do we use?BIG CAMERA: http://amzn.to/1t6fAfYOTHER BIG CAMERA: http://amzn.to/2rybQE2HANDY CAM: http://amzn.to/25KvT0xGOPRO: http://amzn.to/1t6haPcDRONE: http://amzn.to/2ooXPLsSELFIE STICK: http://bit.ly/Spivo-StickWhat software do we use?Adobe Premiere Pro https://bit.ly/Adobe-PremierProPredict Wind http://bit.ly/PredictWindForecasts"
1123,Qp35lyPlOo4,I Found This On His Phone...,2021-01-15T23:00:34Z,UC4-79UOlP48-QNGgCko5p2g,MrBeast Shorts,22,21.19.01,[none],3043392,177020,1470,11101,https://i.ytimg.com/vi/Qp35lyPlOo4/default.jpg,False,False,This is why you should watch all my videos lol Subscribe for more #shortsOriginal Video: Would YOU Rather Have A Lamborghini or This House? https://www.youtube.com/watch?v=s1ax8Tx_Jz0
1125,lS4Tit7taes,Welcome To The World,2021-01-11T21:39:06Z,UC-SV8-bUJfXjrRMnp7F8Wzw,Roman Atwood Vlogs,22,21.19.01,Roman|Atwood|The Atwoods|Brittney|Family|Family Friendly|Smile|Smile More|Kids|Noah|Kane|Cora|Vlog|Upload|New|Inspire|Motivational,2988168,236191,2527,25921,https://i.ytimg.com/vi/lS4Tit7taes/default.jpg,False,False,"Thank you so much for the warm welcome of our new baby. We love you. Subscribe: http://bit.ly/SubToRomanFollow Roman Atwood:Twitter: https://twitter.com/romanatwoodInstagram: https://instagram.com/romanatwoodFollow Brittney:Twitter: https://twitter.com/_Little_Britt_Instagram: https://instagram.com/BrittneyAtwoodSmile More Store: http://RomanAtwood.comWatch More Roman Atwood:Daily Vlogs: https://youtube.com/playlist?list=PLItZ1aGL8ScA4RNpVQVekAv2AaNUMQWfiPopular Videos: https://youtube.com/playlist?list=PLItZ1aGL8ScDPCi1yw-ZH_51vGZazpv7wTrips: https://youtube.com/user/RomanAtwoodVlogs/playlists?view=50&sort=dd&shelf_id=11Latest Uploads: https://youtube.com/playlist?list=PLItZ1aGL8ScArc7A-QTq8BpArqliaRCwDSend Mail To:PO BOX 787Thornville Ohio43076This is my life as a Father to my sons Noah and Kane and our new baby girl, along with my Wife Brittney in Ohio. Iâ€™ve made pranks on YouTube since 2010 and vlogs since 2013. This channel is family-friendly and kid-friendly, so everyone can join in on the fun! I love you all! Roman soldiers baby!"
1131,TiGk8DqPKao,Why I Took My Wedding Ring Off | Young Widowed Mother,2021-01-13T21:14:03Z,UCq3QBWXCKvMnltjwqWuB5bQ,Cam&Fam,22,21.19.01,cam and fam|camandfam|cam fam|teen mom|camfam|teen pregnancy|cam|teen parents|camily|teen moms|teenage pregnancy|teenage mom|moms|teen|teen mom vlog|teen mom vlogs|vlog|day in my life|motherhood|family|baby|family vlogers|family vlogs|family channel|teen mom of 2|pregnant teen mom|pregnant again at 18|16 and pregnant|Landon clifford|Landon clifford wife|q and a|q&a|question and answer|questions and answers,734418,48419,734,0,https://i.ytimg.com/vi/TiGk8DqPKao/default.jpg,True,False,Subscribe to join the Camily! If you enjoyed this video don't forget to give it a like! Click the bell to join the notification gang!Shop Our Merch!https://teespring.com/stores/camandfamFollow Our Other Social Medias!My Instagram: https://www.instagram.com/camandfam/Collette's Instagram: https://www.instagram.com/collette_briar_clifford/Delilah's Instagram: https://www.instagram.com/baby.delilahrose/My Twitter: https://twitter.com/camandfam1Contact Me! (Business Inquiries Only)Email: coastroadMGT@gmail.com
1137,llTCmgGyHEs,Giving Away Karlâ€™s Car,2021-01-14T21:09:49Z,UC4-79UOlP48-QNGgCko5p2g,MrBeast Shorts,22,21.19.01,[none],3775092,232321,2177,12112,https://i.ytimg.com/vi/llTCmgGyHEs/default.jpg,False,False,"dont worry if you subscribe ill buy him a new one :) this was from our video where we gave our 40,000,000 subscriber 40 cars. it was so expensive and one of the cars i gave away was karl's. #shortsI Gave My 40,000,000th Subscriber 40 Carshttps://www.youtube.com/watch?v=UE5AHE2Ypr8"
1139,zBZ4skqOm04,Are You Subscribed?,2021-01-11T22:11:32Z,UC4-79UOlP48-QNGgCko5p2g,MrBeast Shorts,22,21.19.01,[none],6649757,398236,3228,28193,https://i.ytimg.com/vi/zBZ4skqOm04/default.jpg,False,False,Click that subscribe button because you might run into me in real life and it might make you a lot of money #shortsOriginal Video:I Ran A Marathon In The World's Largest Shoeshttps://www.youtube.com/watch?v=AiGKBNGlzHo
1149,CHFqGegX0WM,GeorgeNotFound In His Natural Habitat...,2021-01-13T17:35:20Z,UCZWBGXa6kiaWo9-pE8CX6Dg,Dream Shorts,22,21.19.01,Dream Minecraft|dream Minecraft youtube|minecraft|dream|Minecraft but water rises every minute|minecraft but lava rises every minute|minecraft but challenge|minecraft challenge|challenge|minecraft 1.14|beating minecraft|rematch|finale|finale rematch|grand finale|grand|four hunters|4 hunters|Dream Team|National Geographic|George in natural habitat,1045236,113323,1013,4497,https://i.ytimg.com/vi/CHFqGegX0WM/default.jpg,False,False,GeorgeNotFound In His Natural Habitat... He gets followed by a documentary team and studied!#shortsSUBSCRIBE! Lots of uploads coming this year!@Dream @GeorgeNotFound The George is studied in his natural habitat... a flower forest. What will he do? Watch and see.
1158,RIjSZxqlPpA,"Cat Bites Fork, Fork Hits Cat",2021-01-09T14:36:52Z,UCEZU1wMI5sgi_DOSqaFyitQ,Loosh,22,21.19.01,[none],3913374,165403,1413,4572,https://i.ytimg.com/vi/RIjSZxqlPpA/default.jpg,False,False,He was fine.
1166,_xJUCsyMQes,Saweetie - Best Friend (feat. Doja Cat) [Official Music Video],2021-01-07T23:00:20Z,UC2FCUwThC0RAzaQoI0TtpLA,Official Saweetie,22,21.19.01,saweetie|sweetie|tap in|my type|icy grl|icy girl|female hip hop|female rapper|hip hop|R&B|Doja Cat|Featuring Doja Cat|That's my best friend|Best Friend|Best Friend Saweetie Doja Cat|best friend thats my bestfriend lyrics|best friend tiktok|doja cat saweetie song|doja cat saweetie best friend mp3|saweetie ft doja cat|doja cat x saweetie type beat|dojacat|best friend video|best friend song|she's a real bad bitch,31335463,619047,29838,29565,https://i.ytimg.com/vi/_xJUCsyMQes/default.jpg,False,False,"Download/Stream Best Friend (feat. Doja Cat): https://Saweetie.lnk.to/BestFriendâ„ï¸ICY GANGâ„ï¸Tap in with Saweetie to gain exclusive access to the next episode first! Text +1 (510) 250-3890 Follow SaweetieOfficial Website: www.saweetie.comTwitter: https://twitter.com/saweetieFacebook: https://www.facebook.com/OfficialSaweetieInstagram: https://www.instagram.com/saweetie/Credits: Starring: Saweetie, Doja Cat, & King BachDirected by Dave MeyersExecutive Producer: Nathan ScherrerProduced by RoisÃ­n Audrey MoloneyProduction Supervisor: Tori StoroshProduction Company: Freenjoy Saweetie Costume Design: Bryon JavarDoja Cat Costume Design: Brett Alan Nelson Director of Photography: Joshua Zucker- PludaProduction Designer: Alec Contestabile Cast Costume Design: Ann-Marie HoangEditor: Alyssa Oh @ Rock Paper ScissorsColorist: Stefan Sonnenfeld @ Company 3VFX: Buf ParisSound Design: Jeff Malen @ Lime StudiosLyrics:Thatâ€™s my bestfriend she a real bad bitchGot her own money she donâ€™t need nigOn the dance floor she had two three drinksNow she twerking she throw it out and come back inThatâ€™s my bestfriend she a real bad bitchDrive her own car she donâ€™t need no lyftIn the strip club know my girl gone tipNow she twerking throw it out and come back inBeep beep is that my bestie in a tesiFresh blow out skin on 10 owe she readyBitch you look goodt with a t at the endImma hype her every time thatâ€™s my mothafuckin friendShe been down since the jellies and the bo boâ€™sNow we steppin out the G in manoloâ€™sWhen we pull up to scene hoes be filled with jealousyIf a bitch get finicky she gone bring that energyI hit her phone with the tea like bitch guess whatAll the rich ass boys wanna fuck on usAll this ass sittin up you can look donâ€™t touchAnd Iâ€™m bad bussin bands every time we link upThatâ€™s my bestfriend she a real bad bitchGot her own money she donâ€™t need nigOn the dance floor she had two three drinksNow she twerking she throw it out and come back inThatâ€™s my bestfriend she a real bad bitchDrive her own car she donâ€™t need no lyftIn the strip club know my girl gone tipNow she twerking throw it out and come back inThatâ€™s my bestfriend if you need a freakI aint dumb but mothafucka she my Tweedle DIf she ride for me she donâ€™t need a keyIf you sideways sheâ€™ll straighten you as needed beAnd she so bad that I just canâ€™t take that bitch nowhereShe off her fish I said uh uh donâ€™t go thereBitch break her back she protect and attackGet that strap let them buckleFoot on neck give no airWhole world wanna be usMy main bitch she my day 1On my way bitch letcha get drunkCelebrate cause we the baddest in the clubThatâ€™s my bestfriend she a real bad bitchGot her own money she donâ€™t need nigOn the dance floor she had two three drinksNow she twerking she throw it out and come back inThatâ€™s my bestfriend she a real bad bitchDrive her own car she donâ€™t need no lyftIn the strip club, know my girl gone tipNow she twerking throw it out and come back inBest friend you the baddest and you know itUh oh girl I think yo booty growingFck it up in the mirror hit them posesBest friend damn you mfn glowingBest friend damn yo wrist look like itâ€™s frozenUh oh girl I think yo booty growingFck it up in the mirror hit them posesBest friend you mfn soulmate#Saweetie #DojaCat #BestFriend #PrettyBitchMusic"
1172,z4FnDEYg2yw,RC Frogger Fails,2021-01-11T23:00:28Z,UCmo9ZEJ3ipgaZdkiRRYtLAg,Dude Perfect Plus,22,21.19.01,dude|perfect|plus|bonus|bts|behind|the|scenes|extra|compilation|dp|editors|funny|bloopers|deleted|family|team|trick|shot|shots|battle|stereotype|overtime|sparky|tyler|cory|coby|cody|garrett|panda|chad|tim|derek|hashtag|rc|car|remote|control|hummer|egg|crush|frogger|ryan|drone|jet|rocket|balloon|fails,1259759,45045,578,1050,https://i.ytimg.com/vi/z4FnDEYg2yw/default.jpg,False,False,"Everything you love about Dude Perfect.. plus even more!  Be sure to SUBSCRIBE for more behind the scenes, bloopers, and bonus content! â–º CLICK HERE: http://bit.ly/DPplusSubscribeâ–º Click HERE to watch the main video: https://youtu.be/74ZSIJk2pcgâ–º Click HERE to watch more Behind the Scenes on Dude Perfect Plus: https://www.youtube.com/watch?v=XBh4bnd51c4&list=PLC_fTveW0jTZ-jc2LqY4dvhpyYSuPgNB7&ab_channel=DudePerfectPlusNEXT LEVEL STUFF -------------------------------------------ğŸ’ NEW Merch - bit.ly/DPStoreğŸ® Play our FREE iPhone game! - http://smarturl.it/DudePerfect2ğŸ“± Text us - (469) 205-7005ğŸ”” Hit the bell next to Subscribe so you don't miss a video!ğŸ‘¨ğŸ»â€ğŸ’» Watch our newest vids! - http://bit.ly/NewDPVidsğŸ“• Read our Book - Go Big - http://amzn.to/OYdZ2sFollow our Instagrams so we can be best friends -------------------------------------------ğŸ† http://Instagram.com/DudePerfectğŸ§”ğŸ» http://Instagram.com/TylerNToneyğŸ‘±ğŸ»â€â™‚ï¸ http://Instagram.com/Cody_Jones_ğŸ™‹ğŸ»â€â™‚ï¸ http://Instagram.com/CobyCottonğŸ‘¨â€ğŸ¦° http://Instagram.com/GarrettHilbertâ›¹ğŸ»â€â™‚ï¸ http://Instagram.com/CoryCotton-------------------------------------------Bonus points if you're still reading this! Comment: Hi Ryan! Thanks for building the DP props!Click here to learn more about Dude Perfect:http://bit.ly/AboutDudePerfectAs always...Go Big and God Bless!- Your friends at Dude PerfectBusiness or Media, please contact us at: Dude@DudePerfect.com------------5 Best Friends and a Panda.If you like Sports + Comedy, come join the Dude Perfect team!Best known for trick shots, stereotypes, battles, bottle flips, ping pong shots and all-around competitive fun, Dude Perfect prides ourselves in making the absolute best family-friendly entertainment possible! Welcome to the crew! Pound it ğŸ‘ŠğŸ» Noggin ğŸ™‡ğŸ»â€â™‚ï¸ - Dude Perfect"
1198,oKVgdxUPHWQ,White Fox Boutique TRY ON Clothing Haul,2021-01-11T20:35:56Z,UCPG6A5tNaPfv2SRNW2beq5Q,Shani Grimmond,26,21.19.01,[none],66317,2666,42,113,https://i.ytimg.com/vi/oKVgdxUPHWQ/default.jpg,False,False,Whitefox Link: http://bit.ly/3sfBCwzDiscount code - SHANIXOProducts: For The Night Dress White: https://bit.ly/3bpVPKjFor The Night Dress Black: http://bit.ly/35v2pLFCrave You Crop Wild Lavender: http://bit.ly/3sg0hRYChase The Sun Mini Skirt Lavender: http://bit.ly/2MRxNxzTake You Dancing Top Black: http://bit.ly/3nyHT2QAfter Hours Mini Skirt Black: http://bit.ly/2XsSylcIs This Love Top White: http://bit.ly/38tXjBoIs This Love Top Black: http://bit.ly/39ktAKfPatience Corset Butterfly: http://bit.ly/3q463nJLike Duh Jeans: http://bit.ly/3se3Nw4Persevere Top Tan: http://bit.ly/3oyvu0mRunway Feature Top Lilac: http://bit.ly/38ygVUIVarsity Tee Green: https://bit.ly/3q7uPDwBest Of Both Sweater + Along For The Ride Shorts: https://bit.ly/3bqfBVWEssentials Club Loungewear: http://bit.ly/3sa2cY1Game Of Love Crop Pink Tie Dye: http://bit.ly/3bqr4EVBetter Together Sweatpants Pink Tie Dye: http://bit.ly/3nwhIdjEyes For You Oversized Sweater Pink Tie Dye: http://bit.ly/3s7XBprFind me on -My SWIMWEAR LINE - https://sylkswim.com/ (WORLDWIDE SHIPPING) 10% OFF USING THE CODE â€œHELLOMYCHICKENSâ€INSTAGRAM - http://www.instagram.com/f/shanigrimmondTIKTOK - shanigrimmondTWITTER - shanigrimmondPO Box 87.834A OLD CLEVELAND ROADCARINA QLD 4152For all business enquiries please contact - shani@zooz.com.au
